No,Codigo_Unico,Nombre,No_Obras_Adquisiciones,Monto_Ejercido_de_Aquisiciones,No_Obras_Aeropistas,Monto_Ejercido_de_Aeropistas,No_Obras_Caminos,Monto_Ejercido_de_Caminos,No_Obras_Electrificacion_y_Alumbrado,Monto_Ejercido_de_Electrificacion_y_Alumbrado,No_Obras_Equipamiento_Urbano_y_Rural,Monto_Ejercido_de_Equipamiento_Urbano_y_Rural,No_Obras_Infraestructura_Deportiva,Monto_Ejercido_de_Infraestructura_Deportiva,No_Obras_Infraestructura_Educativa,Monto_Ejercido_de_Infraestructura_Educativa,No_Obras_Infraestructura_Hidrosanitaria,Monto_Ejercido_de_Infraestructura_Hidrosanitaria,No_Obras_Infraestructura_Productiva_Rural,Monto_Ejercido_de_Infraestructura_Productiva_Rural,No_Obras_Infraestructura_Salud,Monto_Ejercido_de_Infraestructura_Salud,No_Obras_No_especificadas,Monto_Ejercido_de_No_especificadas,No_Obras_Pavimentacion,Monto_Ejercido_de_Pavimentacion,No_Obras_Planes_de_Movilidad_Urbana,Monto_Ejercido_de_Planes_de_Movilidad_Urbana,No_Obras_Proyectos,Monto_Ejercido_de_Proyectos,No_Obras_Vivienda,Monto_Ejercido_de_Vivienda,Total_de_Obras,Total_Ejercido_en_Obras,F36,F37,F38,F39,F40,F41,F42,F43,F44,F45,F46,F47,F48,F49,F50,Ejercicio
1,200100010000000000, AHUMADA ,NULL,NULL,NULL,NULL,1,579958.85,NULL,NULL,3,739609.56,NULL,NULL,7,1509410.73,2,326049.99,NULL,NULL,NULL,NULL,2,209457.21,7,5159038.5,NULL,NULL,NULL,NULL,2,725789.74,24,9249314.58,NULL,NULL,NULL,NULL,NULL,NULL,NULL,NULL,NULL,NULL,NULL,NULL,NULL,NULL,NULL,2012
2,200100020000000000, ALDAMA ,NULL,NULL,NULL,NULL,4,3448834.29,6,2783763.41,13,7678746.38,2,946589.55,7,3031299.73,NULL,NULL,NULL,NULL,NULL,NULL,3,1446637.22,13,7360084,NULL,NULL,NULL,NULL,1,240789.67,49,2.693674425E7,NULL,NULL,NULL,NULL,NULL,NULL,NULL,NULL,NULL,NULL,NULL,NULL,NULL,NULL,NULL,2012
3,200100030000000000, ALLENDE ,NULL,NULL,NULL,NULL,1,130353.99,1,99799.44,4,4978865.44,NULL,NULL,NULL,NULL,2,182291.4,NULL,NULL,NULL,NULL,NULL,NULL,11,6014279.12,NULL,NULL,NULL,NULL,NULL,NULL,19,1.140558939E7,NULL,NULL,NULL,NULL,NULL,NULL,NULL,NULL,NULL,NULL,NULL,NULL,NULL,NULL,NULL,2012
4,200100040000000000, AQUILES SERDAN ,NULL,NULL,NULL,NULL,1,974974.76,NULL,NULL,NULL,NULL,1,138832.83,NULL,NULL,2,929859,NULL,NULL,NULL,NULL,NULL,NULL,4,2357483.37,NULL,NULL,NULL,NULL,NULL,NULL,8,4401149.96,NULL,NULL,NULL,NULL,NULL,NULL,NULL,NULL,NULL,NULL,NULL,NULL,NULL,NULL,NULL,2012
5,200100050000000000, ASCENSION ,NULL,NULL,NULL,NULL,NULL,NULL,1,495355.6,1,125725.08,NULL,NULL,7,1665365.44,NULL,NULL,NULL,NULL,NULL,NULL,NULL,NULL,6,8671674.69,NULL,NULL,NULL,NULL,NULL,NULL,15,1.095812081E7,NULL,NULL,NULL,NULL,NULL,NULL,NULL,NULL,NULL,NULL,NULL,NULL,NULL,NULL,NULL,2012
6,200100060000000000, BACHINIVA ,NULL,NULL,NULL,NULL,6,4102970.47,NULL,NULL,3,491838.64,NULL,NULL,NULL,NULL,2,319853.95,NULL,NULL,NULL,NULL,NULL,NULL,3,3339668.88,NULL,NULL,NULL,NULL,NULL,NULL,14,8254331.94,NULL,NULL,NULL,NULL,NULL,NULL,NULL,NULL,NULL,NULL,NULL,NULL,NULL,NULL,NULL,2012
7,200100070000000000, BALLEZA ,NULL,NULL,NULL,NULL,10,2556928.23,10,7198038.05,10,3892821.29,1,270322.24,25,7478309.85,24,7412213.99,2,487237.22,3,559531.08,NULL,NULL,17,1.067073683E7,NULL,NULL,NULL,NULL,9,7393080.57,111,4.791921935E7,NULL,NULL,NULL,NULL,NULL,NULL,NULL,NULL,NULL,NULL,NULL,NULL,NULL,NULL,NULL,2012
8,200100080000000000, BATOPILAS ,NULL,NULL,NULL,NULL,18,7929823.15,12,1.041316489E7,3,879558,3,4676814.09,1,103054.21,4,1.524770101E7,NULL,NULL,3,676332.7,NULL,NULL,5,9433788.05,NULL,NULL,NULL,NULL,4,1605349.92,53,5.096558602E7,NULL,NULL,NULL,NULL,NULL,NULL,NULL,NULL,NULL,NULL,NULL,NULL,NULL,NULL,NULL,2012
9,200100090000000000, BOCOYNA ,NULL,NULL,NULL,NULL,3,1938508.28,22,8179040.44,9,5976984.31,NULL,NULL,3,1966445.75,13,9636701.06,NULL,NULL,3,436851.92,NULL,NULL,18,1.403212621E7,NULL,NULL,NULL,NULL,3,2029883.95,74,4.419654192E7,NULL,NULL,NULL,NULL,NULL,NULL,NULL,NULL,NULL,NULL,NULL,NULL,NULL,NULL,NULL,2012
10,200100100000000000, BUENAVENTURA ,NULL,NULL,NULL,NULL,1,531510,NULL,NULL,14,6125790.99,1,1.105292416E7,3,694281.21,1,251679.23,NULL,NULL,NULL,NULL,2,2255562.38,20,1.320044064E7,NULL,NULL,NULL,NULL,1,738787.64,43,3.485097625E7,NULL,NULL,NULL,NULL,NULL,NULL,NULL,NULL,NULL,NULL,NULL,NULL,NULL,NULL,NULL,2012
11,200100110000000000, CAMARGO ,NULL,NULL,NULL,NULL,1,1150874.38,NULL,NULL,NULL,NULL,1,3391500,3,1605433.74,NULL,NULL,NULL,NULL,NULL,NULL,NULL,NULL,28,1.348329296E7,NULL,NULL,NULL,NULL,NULL,NULL,33,1.963110108E7,NULL,NULL,NULL,NULL,NULL,NULL,NULL,NULL,NULL,NULL,NULL,NULL,NULL,NULL,NULL,2012
12,200100120000000000, CARICHI,NULL,NULL,NULL,NULL,17,6976854.26,1,128960.45,NULL,NULL,NULL,NULL,2,573829.71,14,5621839.65,NULL,NULL,NULL,NULL,NULL,NULL,NULL,NULL,NULL,NULL,NULL,NULL,4,1.285857757E7,38,2.616006164E7,NULL,NULL,NULL,NULL,NULL,NULL,NULL,NULL,NULL,NULL,NULL,NULL,NULL,NULL,NULL,2012
13,200100130000000000, CASAS GRANDES ,NULL,NULL,NULL,NULL,3,4138984.23,1,427001,6,8180238.48,1,1356600,4,2484033.31,NULL,NULL,NULL,NULL,NULL,NULL,NULL,NULL,1,1406690,NULL,NULL,NULL,NULL,1,267914,17,1.826146102E7,NULL,NULL,NULL,NULL,NULL,NULL,NULL,NULL,NULL,NULL,NULL,NULL,NULL,NULL,NULL,2012
14,200100180000000000, CHIHUAHUA ,NULL,NULL,NULL,NULL,5,4537123.92,17,1.032859388E7,77,1.090608214E8,27,3.016173109E7,33,1.372886642E7,5,2893925.42,10,3201504.56,NULL,NULL,1,1093532,141,2.038698847E8,1,124755.67,NULL,NULL,9,8000949.12,326,3.870016881E8,NULL,NULL,NULL,NULL,NULL,NULL,NULL,NULL,NULL,NULL,NULL,NULL,NULL,NULL,NULL,2012
15,200100190000000000, CHINIPAS ,NULL,NULL,NULL,NULL,7,5272411.99,4,1.060338302E7,5,2593606.23,NULL,NULL,4,734124,1,1555418.78,NULL,NULL,NULL,NULL,NULL,NULL,3,4730999.64,NULL,NULL,NULL,NULL,2,883728,26,2.637367166E7,NULL,NULL,NULL,NULL,NULL,NULL,NULL,NULL,NULL,NULL,NULL,NULL,NULL,NULL,NULL,2012
16,200100140000000000, CORONADO ,NULL,NULL,NULL,NULL,NULL,NULL,NULL,NULL,2,501317.67,NULL,NULL,NULL,NULL,NULL,NULL,NULL,NULL,NULL,NULL,NULL,NULL,4,956668.11,NULL,NULL,NULL,NULL,1,3221002.57,7,4678988.35,NULL,NULL,NULL,NULL,NULL,NULL,NULL,NULL,NULL,NULL,NULL,NULL,NULL,NULL,NULL,2012
17,200100150000000000, COYAME DEL SOTOL ,NULL,NULL,NULL,NULL,NULL,NULL,NULL,NULL,3,640000,NULL,NULL,NULL,NULL,NULL,NULL,NULL,NULL,NULL,NULL,NULL,NULL,NULL,NULL,NULL,NULL,NULL,NULL,3,2676020.71,6,3316020.71,NULL,NULL,NULL,NULL,NULL,NULL,NULL,NULL,NULL,NULL,NULL,NULL,NULL,NULL,NULL,2012
18,200100160000000000, CUAUHTEMOC ,NULL,NULL,NULL,NULL,9,17983172,9,2407336,36,115309464,2,1765000,4,1293214,8,1784327,NULL,NULL,1,229918,NULL,NULL,35,76095512,NULL,NULL,NULL,NULL,NULL,NULL,104,216867943,NULL,NULL,NULL,NULL,NULL,NULL,NULL,NULL,NULL,NULL,NULL,NULL,NULL,NULL,NULL,2012
19,200100170000000000, CUSIHUIRIACHI ,NULL,NULL,NULL,NULL,11,6613327.36,6,755153,5,1277214.97,1,262722.24,1,57696.86,1,70593.36,NULL,NULL,NULL,NULL,NULL,NULL,NULL,NULL,NULL,NULL,NULL,NULL,1,1085785.52,26,1.012249331E7,NULL,NULL,NULL,NULL,NULL,NULL,NULL,NULL,NULL,NULL,NULL,NULL,NULL,NULL,NULL,2012
20,200100200000000000, DELICIAS ,NULL,NULL,NULL,NULL,11,6390007.34,2,1867668.9,23,4.710392571E7,6,2.112975698E7,13,8732109.85,6,4768883.33,1,969641.38,2,3050468.08,NULL,NULL,39,2.512203425E7,NULL,NULL,NULL,NULL,2,5222299.18,105,124356795,NULL,NULL,NULL,NULL,NULL,NULL,NULL,NULL,NULL,NULL,NULL,NULL,NULL,NULL,NULL,2012
21,200100210000000000, DR. BELISARIO DOMINGUEZ ,NULL,NULL,NULL,NULL,1,923641.8,NULL,NULL,5,2640260.58,NULL,NULL,NULL,NULL,NULL,NULL,NULL,NULL,NULL,NULL,NULL,NULL,NULL,NULL,NULL,NULL,NULL,NULL,NULL,NULL,6,3563902.38,NULL,NULL,NULL,NULL,NULL,NULL,NULL,NULL,NULL,NULL,NULL,NULL,NULL,NULL,NULL,2012
22,200100220000000000, EL TULE ,NULL,NULL,NULL,NULL,1,219033.18,NULL,NULL,NULL,NULL,NULL,NULL,2,318179,2,550345.09,NULL,NULL,NULL,NULL,NULL,NULL,9,3504928.47,NULL,NULL,NULL,NULL,1,192840.15,15,4785325.89,NULL,NULL,NULL,NULL,NULL,NULL,NULL,NULL,NULL,NULL,NULL,NULL,NULL,NULL,NULL,2012
23,200100230000000000, GALEANA ,NULL,NULL,NULL,NULL,NULL,NULL,NULL,NULL,NULL,NULL,1,102036,NULL,NULL,NULL,NULL,NULL,NULL,2,1197910.73,NULL,NULL,4,2646021.87,NULL,NULL,NULL,NULL,NULL,NULL,7,3945968.6,NULL,NULL,NULL,NULL,NULL,NULL,NULL,NULL,NULL,NULL,NULL,NULL,NULL,NULL,NULL,2012
24,200100240000000000, GOMEZ FARIAS ,NULL,NULL,NULL,NULL,NULL,NULL,NULL,NULL,13,6823232.98,1,150032.1,3,404516.19,5,1291337.24,NULL,NULL,NULL,NULL,NULL,NULL,9,2894413.14,NULL,NULL,NULL,NULL,NULL,NULL,31,1.156353165E7,NULL,NULL,NULL,NULL,NULL,NULL,NULL,NULL,NULL,NULL,NULL,NULL,NULL,NULL,NULL,2012
28,200100270000000000, GUADALUPE Y CALVO ,NULL,NULL,NULL,NULL,54,2.577415405E7,16,1.449903266E7,8,5117023.1,NULL,NULL,52,9810767.22,2,628812.71,4,1535306.4,8,1622062.36,NULL,NULL,23,1.179205036E7,NULL,NULL,NULL,NULL,8,1.45767239E7,175,8.535593276E7,NULL,NULL,NULL,NULL,NULL,NULL,NULL,NULL,NULL,NULL,NULL,NULL,NULL,NULL,NULL,2012
29,200100290000000000, GUAZAPARES ,NULL,NULL,NULL,NULL,3,1312504.89,5,1.107983426E7,2,1713655.22,NULL,NULL,NULL,NULL,3,1796505.86,NULL,NULL,1,924600.39,NULL,NULL,2,4590015.41,NULL,NULL,NULL,NULL,NULL,NULL,16,2.141711603E7,NULL,NULL,NULL,NULL,NULL,NULL,NULL,NULL,NULL,NULL,NULL,NULL,NULL,NULL,NULL,2012
30,200100300000000000, GUERRERO ,NULL,NULL,NULL,NULL,4,6866074.02,5,917704.1,7,5129367.3,NULL,NULL,8,1318336.22,5,714269.17,2,227843.36,NULL,NULL,NULL,NULL,19,1.226121187E7,NULL,NULL,NULL,NULL,6,998590,56,2.843339604E7,NULL,NULL,NULL,NULL,NULL,NULL,NULL,NULL,NULL,NULL,NULL,NULL,NULL,NULL,NULL,2012
31,200100310000000000, HIDALGO DEL PARRAL ,NULL,NULL,NULL,NULL,1,1723287.78,2,367340.1,23,1.243032624E7,1,577392.58,1,119793.4,2,251094.85,NULL,NULL,NULL,NULL,NULL,NULL,40,7.272193975E7,6,2286061.03,NULL,NULL,1,248953,77,9.072618873E7,NULL,NULL,NULL,NULL,NULL,NULL,NULL,NULL,NULL,NULL,NULL,NULL,NULL,NULL,NULL,2012
32,200100320000000000, HUEJOTITAN ,NULL,NULL,NULL,NULL,3,428982,NULL,NULL,3,539278.24,NULL,NULL,NULL,NULL,NULL,NULL,NULL,NULL,NULL,NULL,NULL,NULL,3,3313617.01,NULL,NULL,NULL,NULL,2,565322.84,11,4847200.09,NULL,NULL,NULL,NULL,NULL,NULL,NULL,NULL,NULL,NULL,NULL,NULL,NULL,NULL,NULL,2012
33,200100330000000000, IGNACIO ZARAGOZA ,NULL,NULL,NULL,NULL,2,384067.76,NULL,NULL,10,6703389.22,NULL,NULL,1,104014,NULL,NULL,NULL,NULL,NULL,NULL,NULL,NULL,7,5821927.04,NULL,NULL,NULL,NULL,1,99738.58,21,1.31131366E7,NULL,NULL,NULL,NULL,NULL,NULL,NULL,NULL,NULL,NULL,NULL,NULL,NULL,NULL,NULL,2012
34,200100340000000000, JANOS ,NULL,NULL,NULL,NULL,1,133810.11,NULL,NULL,1,307560.75,NULL,NULL,3,720707,NULL,NULL,NULL,NULL,NULL,NULL,NULL,NULL,4,4474631.26,NULL,NULL,NULL,NULL,NULL,NULL,9,5636709.12,NULL,NULL,NULL,NULL,NULL,NULL,NULL,NULL,NULL,NULL,NULL,NULL,NULL,NULL,NULL,2012
35,200100350000000000, JIMENEZ ,NULL,NULL,NULL,NULL,NULL,NULL,3,1906502.75,4,7944979.59,1,5195445.79,6,3267372.55,NULL,NULL,NULL,NULL,1,4253839.24,1,3050806.71,9,1.274023673E7,NULL,NULL,NULL,NULL,11,3734149.51,36,4.209333287E7,NULL,NULL,NULL,NULL,NULL,NULL,NULL,NULL,NULL,NULL,NULL,NULL,NULL,NULL,NULL,2012
36,200100360000000000, JUAREZ ,NULL,NULL,NULL,NULL,NULL,NULL,21,6.830359369E7,17,4.801409277E7,5,6933703.11,32,2.711153012E7,NULL,NULL,NULL,NULL,4,3.358001358E7,NULL,NULL,71,1.168489684E8,NULL,NULL,NULL,NULL,NULL,NULL,150,3.007919016E8,NULL,NULL,NULL,NULL,NULL,NULL,NULL,NULL,NULL,NULL,NULL,NULL,NULL,NULL,NULL,2012
37,200100370000000000, JULIMES ,NULL,NULL,NULL,NULL,2,214399.26,NULL,NULL,9,1747514.18,1,148480,1,88777,1,620958.79,NULL,NULL,NULL,NULL,NULL,NULL,6,1284917.91,NULL,NULL,NULL,NULL,1,189956.07,21,4295003.21,NULL,NULL,NULL,NULL,NULL,NULL,NULL,NULL,NULL,NULL,NULL,NULL,NULL,NULL,NULL,2012
38,200100380000000000, LA CRUZ ,NULL,NULL,NULL,NULL,1,1520113.5,2,359330.19,1,753179.65,1,519215.01,NULL,NULL,NULL,NULL,NULL,NULL,NULL,NULL,NULL,NULL,5,1647025.93,NULL,NULL,NULL,NULL,NULL,NULL,10,4798864.28,NULL,NULL,NULL,NULL,NULL,NULL,NULL,NULL,NULL,NULL,NULL,NULL,NULL,NULL,NULL,2012
39,200100390000000000, LOPEZ ,NULL,NULL,NULL,NULL,NULL,NULL,NULL,NULL,1,390619.61,NULL,NULL,4,1026237.44,NULL,NULL,NULL,NULL,NULL,NULL,1,641369.96,14,4005716.01,NULL,NULL,NULL,NULL,NULL,NULL,20,6063943.02,NULL,NULL,NULL,NULL,NULL,NULL,NULL,NULL,NULL,NULL,NULL,NULL,NULL,NULL,NULL,2012
40,200100400000000000, MADERA ,NULL,NULL,NULL,NULL,1,1593049.72,1,131109,2,581944.17,5,3891621.86,1,390842,9,1602773.09,NULL,NULL,NULL,NULL,NULL,NULL,12,1.018667521E7,NULL,NULL,NULL,NULL,2,470349.82,33,1.884836487E7,NULL,NULL,NULL,NULL,NULL,NULL,NULL,NULL,NULL,NULL,NULL,NULL,NULL,NULL,NULL,2012
41,200100410000000000, MAGUARICHI ,NULL,NULL,NULL,NULL,13,4335768.01,5,620388.19,2,364873,NULL,NULL,NULL,NULL,2,218801,NULL,NULL,NULL,NULL,NULL,NULL,2,1730341,NULL,NULL,NULL,NULL,1,448942,25,7719113.2,NULL,NULL,NULL,NULL,NULL,NULL,NULL,NULL,NULL,NULL,NULL,NULL,NULL,NULL,NULL,2012
42,200100420000000000, MANUEL BENAVIDES ,NULL,NULL,NULL,NULL,1,887111.09,NULL,NULL,4,924455.59,NULL,NULL,2,1044671.15,1,249995.5,NULL,NULL,NULL,NULL,NULL,NULL,NULL,NULL,NULL,NULL,NULL,NULL,1,1370302.82,9,4476536.15,NULL,NULL,NULL,NULL,NULL,NULL,NULL,NULL,NULL,NULL,NULL,NULL,NULL,NULL,NULL,2012
43,200100430000000000, MATACHI,NULL,NULL,NULL,NULL,2,2189599.44,2,404662.3,NULL,NULL,1,319086.4,2,427547.08,1,232828.2,NULL,NULL,NULL,NULL,NULL,NULL,3,2216148.91,NULL,NULL,NULL,NULL,NULL,NULL,11,5789872.33,NULL,NULL,NULL,NULL,NULL,NULL,NULL,NULL,NULL,NULL,NULL,NULL,NULL,NULL,NULL,2012
44,200100440000000000, MATAMOROS ,NULL,NULL,NULL,NULL,NULL,NULL,NULL,NULL,4,1517184.47,NULL,NULL,1,73463,NULL,NULL,2,1263002.35,1,887403.47,NULL,NULL,5,4227537.52,NULL,NULL,NULL,NULL,NULL,NULL,13,7968590.81,NULL,NULL,NULL,NULL,NULL,NULL,NULL,NULL,NULL,NULL,NULL,NULL,NULL,NULL,NULL,2012
45,200100450000000000, MEOQUI ,NULL,NULL,NULL,NULL,NULL,NULL,1,1067772.18,7,1712500.07,4,693043.23,NULL,NULL,1,149875.28,NULL,NULL,3,6443516.72,NULL,NULL,19,6860278.63,NULL,NULL,NULL,NULL,1,235100,36,1.716208611E7,NULL,NULL,NULL,NULL,NULL,NULL,NULL,NULL,NULL,NULL,NULL,NULL,NULL,NULL,NULL,2012
46,200100460000000000, MORELOS ,NULL,NULL,NULL,NULL,20,6785430.44,11,1.20466944E7,2,587912.71,NULL,NULL,11,2219728.91,3,1024264.9,NULL,NULL,5,1220330.38,4,4048348.39,NULL,NULL,NULL,NULL,NULL,NULL,2,551624.05,58,2.848433418E7,NULL,NULL,NULL,NULL,NULL,NULL,NULL,NULL,NULL,NULL,NULL,NULL,NULL,NULL,NULL,2012
47,200100470000000000, MORIS ,NULL,NULL,NULL,NULL,8,2343230.4,5,2.109424807E7,NULL,NULL,5,1993675.99,NULL,NULL,2,822996.45,NULL,NULL,NULL,NULL,1,289927.36,NULL,NULL,NULL,NULL,NULL,NULL,4,2715986.42,25,2.926006469E7,NULL,NULL,NULL,NULL,NULL,NULL,NULL,NULL,NULL,NULL,NULL,NULL,NULL,NULL,NULL,2012
48,200100480000000000, NAMIQUIPA ,NULL,NULL,NULL,NULL,5,1719460,11,2112371.49,4,529855.8,4,2866527.1,1,272681.01,12,1502122.81,NULL,NULL,1,264388.92,NULL,NULL,10,1943103.73,NULL,NULL,NULL,NULL,8,3592900.69,56,1.480341155E7,NULL,NULL,NULL,NULL,NULL,NULL,NULL,NULL,NULL,NULL,NULL,NULL,NULL,NULL,NULL,2012
49,200100490000000000, NONOAVA ,NULL,NULL,NULL,NULL,2,4003170,6,1.028051164E7,5,4638378.44,NULL,NULL,6,607134,NULL,NULL,NULL,NULL,NULL,NULL,NULL,NULL,1,250000,NULL,NULL,NULL,NULL,3,826921.41,23,2.060611549E7,NULL,NULL,NULL,NULL,NULL,NULL,NULL,NULL,NULL,NULL,NULL,NULL,NULL,NULL,NULL,2012
50,200100500000000000, NUEVO CASAS GRANDES ,NULL,NULL,NULL,NULL,NULL,NULL,NULL,NULL,1,1924720.76,5,5397794,4,1316214.5,NULL,NULL,NULL,NULL,NULL,NULL,NULL,NULL,22,1.467284201E7,NULL,NULL,NULL,NULL,NULL,NULL,32,2.331157127E7,NULL,NULL,NULL,NULL,NULL,NULL,NULL,NULL,NULL,NULL,NULL,NULL,NULL,NULL,NULL,2012
51,200100510000000000, OCAMPO ,NULL,NULL,NULL,NULL,1,105161,NULL,NULL,4,702435.99,3,986818.83,1,137577.2,3,6160282.81,NULL,NULL,2,2111945.4,NULL,NULL,8,3718536.06,NULL,NULL,NULL,NULL,2,753237.91,24,1.46759952E7,NULL,NULL,NULL,NULL,NULL,NULL,NULL,NULL,NULL,NULL,NULL,NULL,NULL,NULL,NULL,2012
52,200100520000000000, OJINAGA ,NULL,NULL,NULL,NULL,4,4561109.42,1,254166.62,2,377685.74,4,3828548.89,1,841383.91,NULL,NULL,NULL,NULL,1,575647.39,NULL,NULL,10,1.197716927E7,NULL,NULL,NULL,NULL,1,1123575.74,24,2.353928698E7,NULL,NULL,NULL,NULL,NULL,NULL,NULL,NULL,NULL,NULL,NULL,NULL,NULL,NULL,NULL,2012
53,200100530000000000, PRAXEDIS G. GUERRERO ,NULL,NULL,NULL,NULL,NULL,NULL,NULL,NULL,NULL,NULL,NULL,NULL,NULL,NULL,NULL,NULL,NULL,NULL,1,355274.88,NULL,NULL,6,2289602.29,NULL,NULL,NULL,NULL,1,330807.07,8,2975684.24,NULL,NULL,NULL,NULL,NULL,NULL,NULL,NULL,NULL,NULL,NULL,NULL,NULL,NULL,NULL,2012
54,200100540000000000, RIVA PALACIO ,NULL,NULL,NULL,NULL,9,1.366270231E7,NULL,NULL,9,2706282.34,NULL,NULL,NULL,NULL,NULL,NULL,NULL,NULL,NULL,NULL,NULL,NULL,6,6679662.38,NULL,NULL,NULL,NULL,NULL,NULL,24,2.304864703E7,NULL,NULL,NULL,NULL,NULL,NULL,NULL,NULL,NULL,NULL,NULL,NULL,NULL,NULL,NULL,2012
55,200100550000000000, ROSALES ,NULL,NULL,NULL,NULL,1,148507.55,NULL,NULL,1,469392,NULL,NULL,1,781613,NULL,NULL,NULL,NULL,NULL,NULL,NULL,NULL,5,5371527.68,NULL,NULL,NULL,NULL,NULL,NULL,8,6771040.23,NULL,NULL,NULL,NULL,NULL,NULL,NULL,NULL,NULL,NULL,NULL,NULL,NULL,NULL,NULL,2012
56,200100560000000000, ROSARIO ,NULL,NULL,NULL,NULL,4,2209023.27,NULL,NULL,2,399999.5,NULL,NULL,NULL,NULL,3,530834.69,NULL,NULL,NULL,NULL,NULL,NULL,1,277877.06,NULL,NULL,NULL,NULL,1,105670.6,11,3523405.12,NULL,NULL,NULL,NULL,NULL,NULL,NULL,NULL,NULL,NULL,NULL,NULL,NULL,NULL,NULL,2012
57,200100570000000000, SAN FRANCISCO DE BORJA,NULL,NULL,NULL,NULL,1,273342.56,3,753307.99,1,100049.62,1,1583866.81,NULL,NULL,2,935718.64,NULL,NULL,NULL,NULL,1,1568764.85,4,1593506.11,NULL,NULL,NULL,NULL,1,1748998.66,14,8557555.24,NULL,NULL,NULL,NULL,NULL,NULL,NULL,NULL,NULL,NULL,NULL,NULL,NULL,NULL,NULL,2012
58,200100580000000000, SAN FRANCISCO DE CONCHOS ,NULL,NULL,NULL,NULL,3,1249404.71,2,322295,NULL,NULL,2,139165,5,730916.41,NULL,NULL,NULL,NULL,1,93438.88,NULL,NULL,6,846864.81,NULL,NULL,NULL,NULL,NULL,NULL,19,3382084.81,NULL,NULL,NULL,NULL,NULL,NULL,NULL,NULL,NULL,NULL,NULL,NULL,NULL,NULL,NULL,2012
59,200100590000000000, SAN FRANCISCO DEL ORO ,NULL,NULL,NULL,NULL,1,123500,1,631286,2,417432.22,3,985478.53,NULL,NULL,2,290835.24,NULL,NULL,1,550000,NULL,NULL,NULL,NULL,NULL,NULL,NULL,NULL,2,385370.77,12,3383902.76,NULL,NULL,NULL,NULL,NULL,NULL,NULL,NULL,NULL,NULL,NULL,NULL,NULL,NULL,NULL,2012
60,200100600000000000, SANTA BARBARA ,NULL,NULL,NULL,NULL,NULL,NULL,NULL,NULL,NULL,NULL,2,1967382.56,1,740000,1,1372572.61,NULL,NULL,NULL,NULL,NULL,NULL,6,6017532.7,NULL,NULL,NULL,NULL,NULL,NULL,10,1.009748787E7,NULL,NULL,NULL,NULL,NULL,NULL,NULL,NULL,NULL,NULL,NULL,NULL,NULL,NULL,NULL,2012
61,200100610000000000, SANTA ISABEL ,NULL,NULL,NULL,NULL,2,1177387.91,4,1208799.07,3,1501223.87,6,4083877.53,NULL,NULL,NULL,NULL,NULL,NULL,NULL,NULL,NULL,NULL,4,990307.79,NULL,NULL,NULL,NULL,2,434109.61,21,9395705.78,NULL,NULL,NULL,NULL,NULL,NULL,NULL,NULL,NULL,NULL,NULL,NULL,NULL,NULL,NULL,2012
62,200100620000000000, SATEVO,NULL,NULL,NULL,NULL,5,1138673.86,NULL,NULL,4,2953510.31,1,93737.57,1,700582,2,1081667.52,NULL,NULL,NULL,NULL,NULL,NULL,NULL,NULL,NULL,NULL,NULL,NULL,3,3994997.39,16,9963168.65,NULL,NULL,NULL,NULL,NULL,NULL,NULL,NULL,NULL,NULL,NULL,NULL,NULL,NULL,NULL,2012
63,200100630000000000, SAUCILLO ,NULL,NULL,NULL,NULL,3,2620690.68,NULL,NULL,2,1425801.39,3,2323845.04,3,1767746.63,4,2353975.73,NULL,NULL,NULL,NULL,NULL,NULL,6,3887900.15,NULL,NULL,NULL,NULL,1,599006.25,22,1.497896587E7,NULL,NULL,NULL,NULL,NULL,NULL,NULL,NULL,NULL,NULL,NULL,NULL,NULL,NULL,NULL,2012
64,200100640000000000, TEMOSACHIC ,NULL,NULL,NULL,NULL,1,223622.76,9,1628609.87,4,475307.19,4,1378120.73,NULL,NULL,3,484046.79,NULL,NULL,1,1356532.31,NULL,NULL,8,5017010.13,NULL,NULL,NULL,NULL,1,628943.68,31,1.119219346E7,NULL,NULL,NULL,NULL,NULL,NULL,NULL,NULL,NULL,NULL,NULL,NULL,NULL,NULL,NULL,2012
65,200100650000000000, URIQUE ,NULL,NULL,NULL,NULL,17,8240814.21,25,2.756184599E7,8,4623022.04,NULL,NULL,12,3969027.1,5,1367403.49,NULL,NULL,NULL,NULL,NULL,NULL,6,6822656.14,NULL,NULL,NULL,NULL,1,159734,74,5.274450297E7,NULL,NULL,NULL,NULL,NULL,NULL,NULL,NULL,NULL,NULL,NULL,NULL,NULL,NULL,NULL,2012
66,200100660000000000, URUACHI ,NULL,NULL,NULL,NULL,16,2.098279948E7,2,3395610.45,3,347282,NULL,NULL,3,1095559.01,2,279336,NULL,NULL,6,8268599.53,NULL,NULL,1,569069.73,NULL,NULL,NULL,NULL,4,3298747.93,37,3.823700413E7,NULL,NULL,NULL,NULL,NULL,NULL,NULL,NULL,NULL,NULL,NULL,NULL,NULL,NULL,NULL,2012
67,200100670000000000, VALLE DE ZARAGOZA ,NULL,NULL,NULL,NULL,6,3361057.58,NULL,NULL,1,196023.32,1,266588.39,5,848986.33,4,2007606.82,4,922499.95,2,148933.15,NULL,NULL,NULL,NULL,NULL,NULL,NULL,NULL,2,4792228.88,25,1.254392442E7,NULL,NULL,NULL,NULL,NULL,NULL,NULL,NULL,NULL,NULL,NULL,NULL,NULL,NULL,NULL,2012
NULL,NULL,NULL,NULL,NULL,NULL,NULL,NULL,NULL,NULL,NULL,NULL,NULL,NULL,NULL,NULL,NULL,NULL,NULL,NULL,NULL,NULL,NULL,NULL,NULL,NULL,NULL,NULL,NULL,NULL,NULL,NULL,NULL,NULL,NULL,NULL,NULL,NULL,NULL,NULL,NULL,NULL,NULL,NULL,NULL,NULL,NULL,NULL,NULL,NULL,2012
NULL,NULL,NULL,NULL,NULL,NULL,NULL,NULL,NULL,NULL,NULL,NULL,NULL,NULL,NULL,NULL,NULL,NULL,NULL,NULL,NULL,NULL,NULL,NULL,NULL,NULL,NULL,NULL,NULL,NULL,NULL,NULL,NULL,NULL,NULL,NULL,NULL,NULL,NULL,NULL,NULL,NULL,NULL,NULL,NULL,NULL,NULL,NULL,NULL,NULL,2012
1,200100010000000000, AHUMADA ,NULL,NULL,NULL,NULL,4,1660402.95,4,94851.64,48,2588321.91,8,179698.47,11,64416.06,9,299388.88,2,135030.18,2,66636.34,NULL,NULL,14,3832747.66,NULL,NULL,NULL,NULL,1,59262.1,103,8980756.19,NULL,NULL,NULL,NULL,NULL,NULL,NULL,NULL,NULL,NULL,NULL,NULL,NULL,NULL,NULL,2013
2,200100020000000000, ALDAMA ,7,59365.56,NULL,NULL,2,1050204.82,4,953513,5,2921674.72,NULL,NULL,1,411141.73,1,144936.58,NULL,NULL,NULL,NULL,3,296351.72,12,7199862.79,NULL,NULL,NULL,NULL,NULL,NULL,35,1.303705092E7,NULL,NULL,NULL,NULL,NULL,NULL,NULL,NULL,NULL,NULL,NULL,NULL,NULL,NULL,NULL,2013
3,200100030000000000, ALLENDE ,5,70047.92,NULL,NULL,2,3606561.59,2,344711.59,3,1921043.02,NULL,NULL,3,601067.34,6,912644.27,NULL,NULL,NULL,NULL,NULL,NULL,18,7927263.39,NULL,NULL,NULL,NULL,NULL,NULL,39,1.538333912E7,NULL,NULL,NULL,NULL,NULL,NULL,NULL,NULL,NULL,NULL,NULL,NULL,NULL,NULL,NULL,2013
4,200100040000000000, AQUILES SERDAN ,NULL,NULL,NULL,NULL,NULL,NULL,19,139397.75,33,778033.65,10,550604.25,6,221938.87,28,353737.3,NULL,NULL,1,42124.3,NULL,NULL,7,1692560.82,NULL,NULL,NULL,NULL,4,314141.6,108,4092538.54,NULL,NULL,NULL,NULL,NULL,NULL,NULL,NULL,NULL,NULL,NULL,NULL,NULL,NULL,NULL,2013
5,200100050000000000, ASCENSION ,NULL,NULL,NULL,NULL,6,146583.2,8,2843451.91,9,706372,2,1722293.69,19,2092913.52,3,225172.88,NULL,NULL,1,525,NULL,NULL,19,4954762.17,NULL,NULL,NULL,NULL,1,45998.1,68,1.273807247E7,NULL,NULL,NULL,NULL,NULL,NULL,NULL,NULL,NULL,NULL,NULL,NULL,NULL,NULL,NULL,2013
6,200100060000000000, BACHINIVA ,1,258000,NULL,NULL,10,4939111.2,2,332570,3,148603.73,1,5000000,1,798480.02,2,103467.62,NULL,NULL,NULL,NULL,NULL,NULL,2,2033612.36,NULL,NULL,NULL,NULL,NULL,NULL,22,1.361384493E7,NULL,NULL,NULL,NULL,NULL,NULL,NULL,NULL,NULL,NULL,NULL,NULL,NULL,NULL,NULL,2013
7,200100070000000000, BALLEZA ,5,2254580.21,NULL,NULL,10,8937988.5,10,6915403.89,10,3102344.77,1,16344.8,26,7204316.53,19,6558943.69,5,1230079.76,6,1535334.46,NULL,NULL,9,8327106.29,NULL,NULL,NULL,NULL,11,7098270.41,112,5.318071331E7,NULL,NULL,NULL,NULL,NULL,NULL,NULL,NULL,NULL,NULL,NULL,NULL,NULL,NULL,NULL,2013
8,200100080000000000, BATOPILAS ,5,1613589.44,1,374680,25,6821854.19,17,3.657781027E7,16,1.160770417E7,10,4231629,19,1.041245494E7,6,1107581.86,NULL,NULL,6,1278253.31,4,2447081.98,5,3981191.24,NULL,NULL,2,972000,1,871682,117,8.22975124E7,NULL,NULL,NULL,NULL,NULL,NULL,NULL,NULL,NULL,NULL,NULL,NULL,NULL,NULL,NULL,2013
9,200100090000000000, BOCOYNA ,3,2270257.42,NULL,NULL,12,1848071.95,28,1.050105956E7,24,3689532.24,5,950607.01,20,8987454.77,30,4272334.96,1,43783.99,NULL,NULL,4,483343.51,23,1.269928172E7,NULL,NULL,1,7856.17,5,1117064.45,156,4.687064775E7,NULL,NULL,NULL,NULL,NULL,NULL,NULL,NULL,NULL,NULL,NULL,NULL,NULL,NULL,NULL,2013
10,200100100000000000, BUENAVENTURA ,NULL,NULL,NULL,NULL,NULL,NULL,4,474290.8,21,5207342.12,6,2812287.1,2,206113.94,3,23765.24,NULL,NULL,2,185500,NULL,NULL,17,7365284.61,NULL,NULL,NULL,NULL,NULL,NULL,55,1.627458381E7,NULL,NULL,NULL,NULL,NULL,NULL,NULL,NULL,NULL,NULL,NULL,NULL,NULL,NULL,NULL,2013
11,200100110000000000, CAMARGO ,2,22405.46,NULL,NULL,8,2239220.85,11,674611.12,9,2881317.87,3,4695904.24,8,4437652.91,31,1369337.33,NULL,NULL,1,198074.41,2,429800.27,50,1.454124542E7,NULL,NULL,NULL,NULL,NULL,NULL,125,3.148956988E7,NULL,NULL,NULL,NULL,NULL,NULL,NULL,NULL,NULL,NULL,NULL,NULL,NULL,NULL,NULL,2013
12,200100120000000000, CARICHI,2,704120.84,NULL,NULL,18,5987291.13,NULL,NULL,7,2984666.51,2,226925.83,NULL,NULL,2,215299.37,NULL,NULL,1,142542.53,NULL,NULL,11,1.168497579E7,NULL,NULL,NULL,NULL,3,3920212.83,46,2.586603483E7,NULL,NULL,NULL,NULL,NULL,NULL,NULL,NULL,NULL,NULL,NULL,NULL,NULL,NULL,NULL,2013
13,200100130000000000, CASAS GRANDES ,1,429397,NULL,NULL,3,730439.97,2,569839,8,1.086804848E7,1,67782.95,2,52436.2,NULL,NULL,NULL,NULL,NULL,NULL,1,1000027.84,3,1057472.2,NULL,NULL,NULL,NULL,NULL,NULL,21,1.477544364E7,NULL,NULL,NULL,NULL,NULL,NULL,NULL,NULL,NULL,NULL,NULL,NULL,NULL,NULL,NULL,2013
14,200100180000000000, CHIHUAHUA ,35,1.38334489E7,NULL,NULL,14,1.439585268E7,11,4479206.88,101,2.358531951E8,41,3.706599887E7,26,9508955.84,29,2.334094395E7,6,673402.53,4,1.370344081E7,21,4.393106885E7,217,1.412722867E8,NULL,NULL,6,1000608.96,4,4156566.27,515,5.432149764E8,NULL,NULL,NULL,NULL,NULL,NULL,NULL,NULL,NULL,NULL,NULL,NULL,NULL,NULL,NULL,2013
15,200100190000000000, CHINIPAS ,NULL,NULL,NULL,NULL,6,1093325.22,14,3.592435727E7,1,41500,NULL,NULL,3,2951529.61,1,164039.7,NULL,NULL,NULL,NULL,1,200298,6,994880,NULL,NULL,NULL,NULL,1,744000,33,4.21139298E7,NULL,NULL,NULL,NULL,NULL,NULL,NULL,NULL,NULL,NULL,NULL,NULL,NULL,NULL,NULL,2013
16,200100140000000000, CORONADO ,1,10515,NULL,NULL,NULL,NULL,4,717476.15,3,65400.82,NULL,NULL,1,37720,1,156026.87,NULL,NULL,NULL,NULL,NULL,NULL,3,281828.55,NULL,NULL,NULL,NULL,1,1320520.54,14,2589487.93,NULL,NULL,NULL,NULL,NULL,NULL,NULL,NULL,NULL,NULL,NULL,NULL,NULL,NULL,NULL,2013
17,200100150000000000, COYAME DEL SOTOL ,NULL,NULL,NULL,NULL,NULL,NULL,4,1810722.88,3,172124.93,NULL,NULL,2,347757.11,NULL,NULL,NULL,NULL,NULL,NULL,1,16709.8,2,920322.17,NULL,NULL,NULL,NULL,1,193695.22,13,3461332.11,NULL,NULL,NULL,NULL,NULL,NULL,NULL,NULL,NULL,NULL,NULL,NULL,NULL,NULL,NULL,2013
18,200100160000000000, CUAUHTEMOC ,1,1837410.52,NULL,NULL,19,2.50542805E7,11,1550019.15,73,6.614182708E7,11,5183367.37,6,1739605.31,12,2582677.01,NULL,NULL,3,8550903.37,2,320365.39,55,4.179401155E7,NULL,NULL,5,707567.91,5,3066101.18,203,1.585281363E8,NULL,NULL,NULL,NULL,NULL,NULL,NULL,NULL,NULL,NULL,NULL,NULL,NULL,NULL,NULL,2013
19,200100170000000000, CUSIHUIRIACHI ,10,47751.8,NULL,NULL,8,4017546.18,1,26067.52,6,300344.03,4,4137293.52,2,103342.2,5,77127.58,1,9726.6,1,37389.88,8,349947.1,1,494505,NULL,NULL,NULL,NULL,NULL,NULL,47,9601041.41,NULL,NULL,NULL,NULL,NULL,NULL,NULL,NULL,NULL,NULL,NULL,NULL,NULL,NULL,NULL,2013
20,200100200000000000, DELICIAS ,16,1303306.92,NULL,NULL,2,5777961.76,1,927790.65,8,6102577.07,5,2.137934229E7,14,1.427527505E7,1,665610.32,NULL,NULL,2,1212213.46,1,1961514.66,49,2.648408313E7,2,1.285733274E7,1,6057.73,NULL,NULL,102,9.295306578E7,NULL,NULL,NULL,NULL,NULL,NULL,NULL,NULL,NULL,NULL,NULL,NULL,NULL,NULL,NULL,2013
21,200100210000000000, DR. BELISARIO DOMINGUEZ ,6,25941.15,NULL,NULL,6,3907739.11,2,323137.72,12,3144282.15,NULL,NULL,NULL,NULL,9,297806.48,4,152739.64,NULL,NULL,6,764971.02,4,532970.71,NULL,NULL,1,34920,NULL,NULL,50,9184507.98,NULL,NULL,NULL,NULL,NULL,NULL,NULL,NULL,NULL,NULL,NULL,NULL,NULL,NULL,NULL,2013
22,200100220000000000, EL TULE ,NULL,NULL,NULL,NULL,6,411498.02,3,108088.05,6,906562.16,1,425000,7,230282.4,5,355083.13,NULL,NULL,1,157689.8,NULL,NULL,14,1227696.98,NULL,NULL,NULL,NULL,22,79071.28,65,3900971.82,NULL,NULL,NULL,NULL,NULL,NULL,NULL,NULL,NULL,NULL,NULL,NULL,NULL,NULL,NULL,2013
23,200100230000000000, GALEANA ,NULL,NULL,NULL,NULL,NULL,NULL,1,4530,2,56984,3,1362010.91,2,290563.99,1,83865.53,6,3015331.89,2,774840.77,NULL,NULL,10,5214297.56,NULL,NULL,NULL,NULL,NULL,NULL,27,1.080242465E7,NULL,NULL,NULL,NULL,NULL,NULL,NULL,NULL,NULL,NULL,NULL,NULL,NULL,NULL,NULL,2013
24,200100240000000000, GOMEZ FARIAS ,1,100000,NULL,NULL,NULL,NULL,7,783955.43,23,6028041.87,NULL,NULL,8,1088400.95,3,729481,NULL,NULL,1,117575.6,NULL,NULL,8,2851997.35,NULL,NULL,NULL,NULL,NULL,NULL,51,1.16994522E7,NULL,NULL,NULL,NULL,NULL,NULL,NULL,NULL,NULL,NULL,NULL,NULL,NULL,NULL,NULL,2013
25,200100250000000000, GRAN MORELOS ,NULL,NULL,NULL,NULL,3,104531.32,NULL,NULL,NULL,NULL,2,163834.78,NULL,NULL,1,197712.4,NULL,NULL,NULL,NULL,NULL,NULL,8,3011251.03,NULL,NULL,NULL,NULL,NULL,NULL,14,3477329.53,NULL,NULL,NULL,NULL,NULL,NULL,NULL,NULL,NULL,NULL,NULL,NULL,NULL,NULL,NULL,2013
26,200100280000000000, GUACHOCHI ,7,2409349.33,NULL,NULL,19,5514814.09,22,1.388226474E7,18,1.707399524E7,4,1638077.11,71,1.861931299E7,23,2.648114491E7,1,114198.44,7,1045793.46,2,1913872.45,12,6031202.57,NULL,NULL,11,1394933.49,5,8063866.45,202,1.041828253E8,NULL,NULL,NULL,NULL,NULL,NULL,NULL,NULL,NULL,NULL,NULL,NULL,NULL,NULL,NULL,2013
27,200100260000000000, GUADALUPE ,2,493336.89,NULL,NULL,NULL,NULL,3,890237.99,2,185687.04,1,2355937.63,1,59436.9,NULL,NULL,1,41203.2,NULL,NULL,NULL,NULL,6,2526136.57,NULL,NULL,NULL,NULL,NULL,NULL,16,6551976.22,NULL,NULL,NULL,NULL,NULL,NULL,NULL,NULL,NULL,NULL,NULL,NULL,NULL,NULL,NULL,2013
28,200100270000000000, GUADALUPE Y CALVO ,NULL,NULL,NULL,NULL,90,2.239639536E7,24,1.687138635E7,23,1.10625897E7,2,2200495,76,1.434423524E7,9,1.438306902E7,4,945125.24,13,3063676,NULL,NULL,20,1.85460625E7,NULL,NULL,NULL,NULL,15,1.941788229E7,276,1.232309167E8,NULL,NULL,NULL,NULL,NULL,NULL,NULL,NULL,NULL,NULL,NULL,NULL,NULL,NULL,NULL,2013
29,200100290000000000, GUAZAPARES ,NULL,NULL,NULL,NULL,15,3996447.03,6,1.830163693E7,NULL,NULL,NULL,NULL,19,1984784.35,12,3955131.82,NULL,NULL,5,882576.38,5,3332639.93,13,1.047971118E7,NULL,NULL,NULL,NULL,4,2141980.22,79,4.507490784E7,NULL,NULL,NULL,NULL,NULL,NULL,NULL,NULL,NULL,NULL,NULL,NULL,NULL,NULL,NULL,2013
30,200100300000000000, GUERRERO ,3,101761.48,NULL,NULL,23,2.188771897E7,16,3679393.11,58,6778848.02,6,3378860.82,52,2508396.8,25,8550570.33,3,60530.73,2,11321.91,2,31837.83,26,1.553569424E7,NULL,NULL,1,4000,22,1009941.98,239,6.353887622E7,NULL,NULL,NULL,NULL,NULL,NULL,NULL,NULL,NULL,NULL,NULL,NULL,NULL,NULL,NULL,2013
31,200100310000000000, HIDALGO DEL PARRAL ,NULL,NULL,NULL,NULL,1,593787.67,2,7840372.89,41,2.346281087E7,6,4.456292526E7,6,880159.18,13,1574087.75,1,758121.91,NULL,NULL,3,2356630.19,56,5.202181509E7,NULL,NULL,NULL,NULL,2,211283.26,131,1.342619941E8,NULL,NULL,NULL,NULL,NULL,NULL,NULL,NULL,NULL,NULL,NULL,NULL,NULL,NULL,NULL,2013
32,200100320000000000, HUEJOTITAN ,NULL,NULL,NULL,NULL,2,149446.03,NULL,NULL,NULL,NULL,NULL,NULL,0,0,3,349117.78,NULL,NULL,NULL,NULL,NULL,NULL,8,915754.86,NULL,NULL,NULL,NULL,1,1006518.65,14,2420837.32,NULL,NULL,NULL,NULL,NULL,NULL,NULL,NULL,NULL,NULL,NULL,NULL,NULL,NULL,NULL,2013
33,200100330000000000, IGNACIO ZARAGOZA ,2,906009.58,NULL,NULL,4,2962781.79,7,1000012.96,3,3065842.21,NULL,NULL,0,0,4,482347.24,NULL,NULL,NULL,NULL,NULL,NULL,4,2993995.33,NULL,NULL,NULL,NULL,NULL,NULL,24,1.141098911E7,NULL,NULL,NULL,NULL,NULL,NULL,NULL,NULL,NULL,NULL,NULL,NULL,NULL,NULL,NULL,2013
34,200100340000000000, JANOS ,NULL,NULL,NULL,NULL,1,1884980.66,NULL,NULL,10,571976.92,2,1006463.83,6,997237.47,12,1552208.26,NULL,NULL,1,41540,NULL,NULL,6,1408774.56,NULL,NULL,NULL,NULL,NULL,NULL,38,7463181.7,NULL,NULL,NULL,NULL,NULL,NULL,NULL,NULL,NULL,NULL,NULL,NULL,NULL,NULL,NULL,2013
35,200100350000000000, JIMENEZ ,10,959761.31,NULL,NULL,NULL,NULL,NULL,NULL,4,3705351.6,4,4690008.53,5,6132804.56,7,5993735.51,NULL,NULL,1,621645.08,NULL,NULL,23,8699160.77,NULL,NULL,NULL,NULL,NULL,NULL,54,3.080246736E7,NULL,NULL,NULL,NULL,NULL,NULL,NULL,NULL,NULL,NULL,NULL,NULL,NULL,NULL,NULL,2013
36,200100360000000000, JUAREZ ,NULL,NULL,NULL,NULL,NULL,NULL,3,1.635035381E7,36,1.154156533E8,5,8179407.67,32,3.231433959E7,NULL,NULL,NULL,NULL,NULL,NULL,NULL,NULL,81,2.549668046E8,NULL,NULL,NULL,NULL,2,8976708.61,159,4.362032675E8,NULL,NULL,NULL,NULL,NULL,NULL,NULL,NULL,NULL,NULL,NULL,NULL,NULL,NULL,NULL,2013
37,200100370000000000, JULIMES ,NULL,NULL,NULL,NULL,7,417512.82,8,329010.66,12,1399912.01,5,732467.28,9,250614.74,4,270361.38,1,50000,NULL,NULL,NULL,NULL,17,2400881.47,NULL,NULL,NULL,NULL,NULL,NULL,63,5850760.36,NULL,NULL,NULL,NULL,NULL,NULL,NULL,NULL,NULL,NULL,NULL,NULL,NULL,NULL,NULL,2013
38,200100380000000000, LA CRUZ ,3,698577.87,NULL,NULL,NULL,NULL,2,78829.79,5,3026786.74,1,4000000,4,828442.63,NULL,NULL,NULL,NULL,NULL,NULL,NULL,NULL,3,974855.47,NULL,NULL,NULL,NULL,NULL,NULL,18,9607492.5,NULL,NULL,NULL,NULL,NULL,NULL,NULL,NULL,NULL,NULL,NULL,NULL,NULL,NULL,NULL,2013
39,200100390000000000, LOPEZ ,3,576534.2,NULL,NULL,NULL,NULL,3,220413.64,10,3669296.28,2,18218.8,5,721396.4,3,42902.36,8,731728.38,NULL,NULL,NULL,NULL,15,1258251.56,NULL,NULL,NULL,NULL,5,1101042.43,54,8339784.05,NULL,NULL,NULL,NULL,NULL,NULL,NULL,NULL,NULL,NULL,NULL,NULL,NULL,NULL,NULL,2013
40,200100400000000000, MADERA ,NULL,NULL,1,1697532.59,11,1.153482879E7,1,259874.8,12,6746893.36,12,4393397.65,NULL,NULL,8,1939129.38,NULL,NULL,NULL,NULL,NULL,NULL,11,1.246901575E7,NULL,NULL,NULL,NULL,1,2038799.79,57,4.107947211E7,NULL,NULL,NULL,NULL,NULL,NULL,NULL,NULL,NULL,NULL,NULL,NULL,NULL,NULL,NULL,2013
41,200100410000000000, MAGUARICHI ,NULL,NULL,NULL,NULL,9,2871696.83,NULL,NULL,15,941603.61,NULL,NULL,3,123035.23,NULL,NULL,NULL,NULL,3,143385,NULL,NULL,4,2202682.9,NULL,NULL,NULL,NULL,NULL,NULL,34,6282403.57,NULL,NULL,NULL,NULL,NULL,NULL,NULL,NULL,NULL,NULL,NULL,NULL,NULL,NULL,NULL,2013
42,200100420000000000, MANUEL BENAVIDES ,NULL,NULL,NULL,NULL,2,677008.13,7,1845528.35,2,514922.45,2,466469.93,4,900477.6,3,1915640.7,2,165608.9,NULL,NULL,NULL,NULL,5,624192.16,NULL,NULL,NULL,NULL,1,100265.72,28,7210113.94,NULL,NULL,NULL,NULL,NULL,NULL,NULL,NULL,NULL,NULL,NULL,NULL,NULL,NULL,NULL,2013
43,200100430000000000, MATACHI,NULL,NULL,NULL,NULL,2,6260,NULL,NULL,4,951061,1,159540.3,NULL,NULL,1,13795.68,NULL,NULL,2,173444.48,NULL,NULL,9,2500934.51,NULL,NULL,NULL,NULL,NULL,NULL,19,3805035.97,NULL,NULL,NULL,NULL,NULL,NULL,NULL,NULL,NULL,NULL,NULL,NULL,NULL,NULL,NULL,2013
44,200100440000000000, MATAMOROS ,1,4637,NULL,NULL,2,572323.36,4,408677.54,9,274390.5,NULL,NULL,6,401810.45,NULL,NULL,NULL,NULL,NULL,NULL,NULL,NULL,11,2681139.66,NULL,NULL,NULL,NULL,1,114881.18,34,4457859.69,NULL,NULL,NULL,NULL,NULL,NULL,NULL,NULL,NULL,NULL,NULL,NULL,NULL,NULL,NULL,2013
45,200100450000000000, MEOQUI ,NULL,NULL,NULL,NULL,NULL,NULL,35,210991.62,89,8842970.05,9,949060.15,2,185370.83,11,599835.67,NULL,NULL,NULL,NULL,NULL,NULL,63,1.199080624E7,NULL,NULL,NULL,NULL,27,25370,236,2.280440456E7,NULL,NULL,NULL,NULL,NULL,NULL,NULL,NULL,NULL,NULL,NULL,NULL,NULL,NULL,NULL,2013
46,200100460000000000, MORELOS ,NULL,NULL,NULL,NULL,38,1.040226393E7,22,1.581367964E7,22,8574754.44,NULL,NULL,23,3221823.76,1,72197,1,153120,8,1629691.76,NULL,NULL,1,211672.69,NULL,NULL,NULL,NULL,4,7681888.43,120,4.776109165E7,NULL,NULL,NULL,NULL,NULL,NULL,NULL,NULL,NULL,NULL,NULL,NULL,NULL,NULL,NULL,2013
47,200100470000000000, MORIS ,4,1134254.54,NULL,NULL,14,4399945.81,11,5580002.33,5,943683.19,18,4149775.11,4,611359.85,5,151887,NULL,NULL,1,422611.03,NULL,NULL,2,691438.66,NULL,NULL,NULL,NULL,4,1768368.4,68,1.985332592E7,NULL,NULL,NULL,NULL,NULL,NULL,NULL,NULL,NULL,NULL,NULL,NULL,NULL,NULL,NULL,2013
48,200100480000000000, NAMIQUIPA ,NULL,NULL,NULL,NULL,10,2389473.9,7,1001389.85,2,1243520,3,1795655.48,1,353784.76,9,462300.52,NULL,NULL,1,6317,6,253122.43,4,64801,NULL,NULL,NULL,NULL,4,3932421.04,47,1.150278598E7,NULL,NULL,NULL,NULL,NULL,NULL,NULL,NULL,NULL,NULL,NULL,NULL,NULL,NULL,NULL,2013
49,200100490000000000, NONOAVA ,NULL,NULL,NULL,NULL,6,2912546.99,1,196384.51,6,1983135.94,1,1195270.72,NULL,NULL,2,43850,NULL,NULL,NULL,NULL,NULL,NULL,8,4774660.1,NULL,NULL,NULL,NULL,NULL,NULL,24,1.110584826E7,NULL,NULL,NULL,NULL,NULL,NULL,NULL,NULL,NULL,NULL,NULL,NULL,NULL,NULL,NULL,2013
50,200100500000000000, NUEVO CASAS GRANDES ,NULL,NULL,NULL,NULL,1,172823.76,3,1107542.83,20,1.985462009E7,3,2427057.72,3,584742.28,NULL,NULL,NULL,NULL,NULL,NULL,NULL,NULL,28,1.689529187E7,NULL,NULL,1,14500,NULL,NULL,59,4.105657855E7,NULL,NULL,NULL,NULL,NULL,NULL,NULL,NULL,NULL,NULL,NULL,NULL,NULL,NULL,NULL,2013
51,200100510000000000, OCAMPO ,6,622327.46,NULL,NULL,8,2158628.18,24,4928574.42,15,1467400.06,4,214297.4,15,1014505.64,23,2448778.94,NULL,NULL,6,1471631.1,NULL,NULL,13,3929027.45,NULL,NULL,2,49600,5,314548.86,121,1.861931951E7,NULL,NULL,NULL,NULL,NULL,NULL,NULL,NULL,NULL,NULL,NULL,NULL,NULL,NULL,NULL,2013
52,200100520000000000, OJINAGA ,NULL,NULL,NULL,NULL,8,4775102.7,10,3561571.77,7,3683570.13,2,3691825.31,14,306416.02,5,204747.41,NULL,NULL,NULL,NULL,NULL,NULL,26,1.412550937E7,NULL,NULL,NULL,NULL,NULL,NULL,72,3.034874271E7,NULL,NULL,NULL,NULL,NULL,NULL,NULL,NULL,NULL,NULL,NULL,NULL,NULL,NULL,NULL,2013
53,200100530000000000, PRAXEDIS G. GUERRERO ,1,49993.42,NULL,NULL,3,889981.88,NULL,NULL,7,1174984.32,3,1274510.5,3,613050.54,NULL,NULL,3,1253902.51,1,44673.66,NULL,NULL,4,3607940.29,NULL,NULL,NULL,NULL,NULL,NULL,25,8909037.12,NULL,NULL,NULL,NULL,NULL,NULL,NULL,NULL,NULL,NULL,NULL,NULL,NULL,NULL,NULL,2013
54,200100540000000000, RIVA PALACIO ,NULL,NULL,NULL,NULL,NULL,NULL,4,547356.05,1,20000,1,3710665.34,1,60000,2,140000.04,NULL,NULL,NULL,NULL,NULL,NULL,3,619261.18,NULL,NULL,NULL,NULL,1,131400,13,5228682.61,NULL,NULL,NULL,NULL,NULL,NULL,NULL,NULL,NULL,NULL,NULL,NULL,NULL,NULL,NULL,2013
55,200100550000000000, ROSALES ,NULL,NULL,NULL,NULL,6,3725285.02,1,327236.74,1,357083.85,NULL,NULL,4,297171.76,4,1880116.51,NULL,NULL,NULL,NULL,NULL,NULL,28,4741688.19,NULL,NULL,NULL,NULL,1,30400,45,1.135898207E7,NULL,NULL,NULL,NULL,NULL,NULL,NULL,NULL,NULL,NULL,NULL,NULL,NULL,NULL,NULL,2013
56,200100560000000000, ROSARIO ,2,12790.04,NULL,NULL,7,3413918.86,NULL,NULL,4,1054186.48,1,4000000,1,71300,NULL,NULL,1,51100,1,51969.4,3,188364.42,3,778459.33,NULL,NULL,NULL,NULL,NULL,NULL,23,9622088.53,NULL,NULL,NULL,NULL,NULL,NULL,NULL,NULL,NULL,NULL,NULL,NULL,NULL,NULL,NULL,2013
57,200100570000000000, SAN FRANCISCO DE BORJA,NULL,NULL,NULL,NULL,2,268179.79,4,515827.18,6,224667.26,1,1358693.47,4,2166877.79,1,508654.86,1,49800,NULL,NULL,NULL,NULL,9,1493383.96,NULL,NULL,NULL,NULL,NULL,NULL,28,6586084.31,NULL,NULL,NULL,NULL,NULL,NULL,NULL,NULL,NULL,NULL,NULL,NULL,NULL,NULL,NULL,2013
58,200100580000000000, SAN FRANCISCO DE CONCHOS ,NULL,NULL,NULL,NULL,4,703718.22,1,126068.5,3,167276.23,7,625369.63,5,1971104.84,NULL,NULL,NULL,NULL,1,21248.39,2,44681,7,735137.15,NULL,NULL,NULL,NULL,NULL,NULL,30,4394603.96,NULL,NULL,NULL,NULL,NULL,NULL,NULL,NULL,NULL,NULL,NULL,NULL,NULL,NULL,NULL,2013
59,200100590000000000, SAN FRANCISCO DEL ORO ,NULL,NULL,NULL,NULL,2,74941.8,4,1475974.501,8,424348.74,6,3228518.03,NULL,NULL,1,5838.2,NULL,NULL,2,611550.46,NULL,NULL,4,1297239.28,NULL,NULL,NULL,NULL,NULL,NULL,27,7118411.011,NULL,NULL,NULL,NULL,NULL,NULL,NULL,NULL,NULL,NULL,NULL,NULL,NULL,NULL,NULL,2013
60,200100600000000000, SANTA BARBARA ,NULL,NULL,NULL,NULL,NULL,NULL,1,59032.94,4,154717.36,1,370765.98,3,1148713.06,2,331378.88,NULL,NULL,NULL,NULL,NULL,NULL,10,6437618.92,NULL,NULL,12,45805.95,7,519656.8,40,9067689.89,NULL,NULL,NULL,NULL,NULL,NULL,NULL,NULL,NULL,NULL,NULL,NULL,NULL,NULL,NULL,2013
61,200100610000000000, SANTA ISABEL ,3,289745.92,NULL,NULL,9,431954.12,10,2160266.43,6,1197586.43,2,33534,1,11600,2,107525.88,NULL,NULL,1,37932.37,NULL,NULL,1,501407.93,NULL,NULL,NULL,NULL,2,31608,37,4803161.08,NULL,NULL,NULL,NULL,NULL,NULL,NULL,NULL,NULL,NULL,NULL,NULL,NULL,NULL,NULL,2013
62,200100620000000000, SATEVO,9,77557.65,NULL,NULL,3,1476930.78,NULL,NULL,6,3133820.54,NULL,NULL,1,374708.44,3,357749.47,1,12226.4,NULL,NULL,2,125144.83,NULL,NULL,NULL,NULL,NULL,NULL,2,405130.88,27,5963268.99,NULL,NULL,NULL,NULL,NULL,NULL,NULL,NULL,NULL,NULL,NULL,NULL,NULL,NULL,NULL,2013
63,200100630000000000, SAUCILLO ,2,30493.5,NULL,NULL,NULL,NULL,3,478463.42,2,2490632.01,1,999999.2,2,295928.27,2,149344.18,NULL,NULL,NULL,NULL,2,347907.99,2,1801687.73,NULL,NULL,1,197926.18,NULL,NULL,17,6792382.48,NULL,NULL,NULL,NULL,NULL,NULL,NULL,NULL,NULL,NULL,NULL,NULL,NULL,NULL,NULL,2013
64,200100640000000000, TEMOSACHIC ,NULL,NULL,NULL,NULL,7,879957.88,3,336528.04,3,276003.8,2,2212509.67,2,86319.82,7,363897.87,2,314997.75,NULL,NULL,5,338699.36,13,5491184.78,NULL,NULL,NULL,NULL,NULL,NULL,44,1.030009897E7,NULL,NULL,NULL,NULL,NULL,NULL,NULL,NULL,NULL,NULL,NULL,NULL,NULL,NULL,NULL,2013
65,200100650000000000, URIQUE ,2,584748.81,NULL,NULL,23,8072653.72,27,2.396890026E7,8,3849380.46,NULL,NULL,1,151647.66,12,666422.99,NULL,NULL,NULL,NULL,NULL,NULL,6,3754070.8,NULL,NULL,2,211491,NULL,NULL,81,4.12593157E7,NULL,NULL,NULL,NULL,NULL,NULL,NULL,NULL,NULL,NULL,NULL,NULL,NULL,NULL,NULL,2013
66,200100660000000000, URUACHI ,NULL,NULL,NULL,NULL,21,9480017.4,15,1.973515416E7,6,627197.7,NULL,NULL,8,316569.66,10,541543.37,NULL,NULL,11,5092218.41,2,845285.73,4,1374914.96,NULL,NULL,1,1500390.94,5,2229339.68,83,4.174263201E7,NULL,NULL,NULL,NULL,NULL,NULL,NULL,NULL,NULL,NULL,NULL,NULL,NULL,NULL,NULL,2013
67,200100670000000000, VALLE DE ZARAGOZA ,1,9399.44,NULL,NULL,13,1950330.46,1,31296.8,6,83391.65,2,3179955.74,3,125850.97,NULL,NULL,NULL,NULL,1,32173.01,NULL,NULL,2,543520.04,NULL,NULL,NULL,NULL,3,828775.27,32,6784693.38,NULL,NULL,NULL,NULL,NULL,NULL,NULL,NULL,NULL,NULL,NULL,NULL,NULL,NULL,NULL,2013
NULL,NULL,NULL,NULL,NULL,NULL,NULL,NULL,NULL,NULL,NULL,NULL,NULL,NULL,NULL,NULL,NULL,NULL,NULL,NULL,NULL,NULL,NULL,NULL,NULL,NULL,NULL,NULL,NULL,NULL,NULL,NULL,NULL,NULL,NULL,NULL,NULL,NULL,NULL,NULL,NULL,NULL,NULL,NULL,NULL,NULL,NULL,NULL,NULL,NULL,2013
1,200100010000000000, AHUMADA ,NULL,NULL,NULL,NULL,NULL,NULL,NULL,NULL,NULL,NULL,1,142026.62,7,1637972.19,2,642129.6,NULL,NULL,NULL,NULL,NULL,NULL,6,2302541.57,NULL,NULL,NULL,NULL,NULL,NULL,16,4724669.98,NULL,NULL,NULL,NULL,NULL,NULL,NULL,NULL,NULL,NULL,NULL,NULL,NULL,NULL,NULL,2011
2,200100020000000000, ALDAMA ,NULL,NULL,NULL,NULL,5,2109306.49,2,832658,3,1504719.05,5,2683471.09,6,1340854.54,NULL,NULL,NULL,NULL,1,1018340,NULL,NULL,9,5162526.55,NULL,NULL,NULL,NULL,NULL,NULL,31,1.465187572E7,NULL,NULL,NULL,NULL,NULL,NULL,NULL,NULL,NULL,NULL,NULL,NULL,NULL,NULL,NULL,2011
3,200100030000000000, ALLENDE ,NULL,NULL,NULL,NULL,2,3228713.36,2,280228.19,4,3057264.17,NULL,NULL,NULL,NULL,4,437435.95,NULL,NULL,NULL,NULL,NULL,NULL,5,1841343.31,NULL,NULL,NULL,NULL,NULL,NULL,17,8844984.98,NULL,NULL,NULL,NULL,NULL,NULL,NULL,NULL,NULL,NULL,NULL,NULL,NULL,NULL,NULL,2011
4,200100040000000000, AQUILES SERDAN ,NULL,NULL,NULL,NULL,NULL,NULL,NULL,NULL,7,7359172.18,NULL,NULL,NULL,NULL,NULL,NULL,NULL,NULL,NULL,NULL,NULL,NULL,2,1804680.13,NULL,NULL,NULL,NULL,NULL,NULL,9,9163852.31,NULL,NULL,NULL,NULL,NULL,NULL,NULL,NULL,NULL,NULL,NULL,NULL,NULL,NULL,NULL,2011
5,200100050000000000, ASCENSION ,NULL,NULL,NULL,NULL,NULL,NULL,3,2717767.34,5,1050374.02,5,1575397.11,9,3621510.21,1,106740.12,NULL,NULL,NULL,NULL,NULL,NULL,6,7981045.03,NULL,NULL,NULL,NULL,2,1145779.7,31,1.819861353E7,NULL,NULL,NULL,NULL,NULL,NULL,NULL,NULL,NULL,NULL,NULL,NULL,NULL,NULL,NULL,2011
6,200100060000000000, BACHINIVA ,NULL,NULL,NULL,NULL,NULL,NULL,1,116986,2,495588,NULL,NULL,5,454593,5,1290241.19,NULL,NULL,NULL,NULL,NULL,NULL,14,5188616.01,NULL,NULL,NULL,NULL,NULL,NULL,27,7546024.2,NULL,NULL,NULL,NULL,NULL,NULL,NULL,NULL,NULL,NULL,NULL,NULL,NULL,NULL,NULL,2011
7,200100070000000000, BALLEZA ,NULL,NULL,NULL,NULL,4,1528014.86,12,5088550.06,NULL,NULL,NULL,NULL,22,5858726.38,NULL,NULL,NULL,NULL,NULL,NULL,NULL,NULL,10,9680813.71,NULL,NULL,NULL,NULL,4,4635909.21,52,2.679201422E7,NULL,NULL,NULL,NULL,NULL,NULL,NULL,NULL,NULL,NULL,NULL,NULL,NULL,NULL,NULL,2011
8,200100080000000000, BATOPILAS ,NULL,NULL,NULL,NULL,24,1.025470541E7,13,7937492.81,3,2488751,1,941622,6,1553634.07,3,1641761.04,NULL,NULL,NULL,NULL,NULL,NULL,2,1856030.73,NULL,NULL,NULL,NULL,NULL,NULL,52,2.667399706E7,NULL,NULL,NULL,NULL,NULL,NULL,NULL,NULL,NULL,NULL,NULL,NULL,NULL,NULL,NULL,2011
9,200100090000000000, BOCOYNA ,NULL,NULL,NULL,NULL,12,7655362.71,19,1.403821239E7,4,1897975.04,2,1125841.4,11,2383435.72,21,1.154712297E7,NULL,NULL,5,720350.4,NULL,NULL,10,8177880.37,NULL,NULL,NULL,NULL,2,5642315.36,86,5.318849636E7,NULL,NULL,NULL,NULL,NULL,NULL,NULL,NULL,NULL,NULL,NULL,NULL,NULL,NULL,NULL,2011
10,200100100000000000, BUENAVENTURA ,NULL,NULL,NULL,NULL,3,605522.2,NULL,NULL,1,160205,1,343033,3,659786.59,NULL,NULL,NULL,NULL,NULL,NULL,NULL,NULL,8,1.004325701E7,NULL,NULL,NULL,NULL,NULL,NULL,16,1.18118038E7,NULL,NULL,NULL,NULL,NULL,NULL,NULL,NULL,NULL,NULL,NULL,NULL,NULL,NULL,NULL,2011
11,200100110000000000, CAMARGO ,NULL,NULL,NULL,NULL,2,1691990.84,6,934281.13,5,2728419.73,1,1356642,6,1201361.25,NULL,NULL,NULL,NULL,NULL,NULL,NULL,NULL,33,1.223289194E7,NULL,NULL,NULL,NULL,NULL,NULL,53,2.014558689E7,NULL,NULL,NULL,NULL,NULL,NULL,NULL,NULL,NULL,NULL,NULL,NULL,NULL,NULL,NULL,2011
12,200100120000000000, CARICHI,NULL,NULL,NULL,NULL,7,8940398.4,6,1016271.48,4,1027186,2,233300,3,432825.75,7,1440509.76,NULL,NULL,NULL,NULL,2,1431968.42,NULL,NULL,NULL,NULL,NULL,NULL,8,6343029.78,39,2.086548959E7,NULL,NULL,NULL,NULL,NULL,NULL,NULL,NULL,NULL,NULL,NULL,NULL,NULL,NULL,NULL,2011
13,200100130000000000, CASAS GRANDES ,NULL,NULL,NULL,NULL,4,3778393.09,1,284685,6,6307417.62,NULL,NULL,5,1363322.38,1,143315.2,NULL,NULL,NULL,NULL,NULL,NULL,1,974739.77,NULL,NULL,NULL,NULL,1,241828.69,19,1.309370175E7,NULL,NULL,NULL,NULL,NULL,NULL,NULL,NULL,NULL,NULL,NULL,NULL,NULL,NULL,NULL,2011
14,200100180000000000, CHIHUAHUA ,NULL,NULL,NULL,NULL,4,4726163.07,8,1.383831838E7,64,2.736988385E8,23,3.397448853E7,24,1.245924838E7,14,3810123.41,4,1830170.06,1,142774.21,2,1.481159471E7,42,1.183058045E8,NULL,NULL,NULL,NULL,11,3576510.61,197,4.811740344E8,NULL,NULL,NULL,NULL,NULL,NULL,NULL,NULL,NULL,NULL,NULL,NULL,NULL,NULL,NULL,2011
15,200100190000000000, CHINIPAS ,NULL,NULL,NULL,NULL,7,2187870,2,1971364.03,3,2701521.2,NULL,NULL,3,405400.3,4,1.212873423E7,NULL,NULL,NULL,NULL,NULL,NULL,4,2671296,NULL,NULL,NULL,NULL,1,1705461.53,24,2.377164729E7,NULL,NULL,NULL,NULL,NULL,NULL,NULL,NULL,NULL,NULL,NULL,NULL,NULL,NULL,NULL,2011
16,200100140000000000, CORONADO ,NULL,NULL,NULL,NULL,NULL,NULL,NULL,NULL,3,315919.69,NULL,NULL,NULL,NULL,NULL,NULL,NULL,NULL,NULL,NULL,NULL,NULL,4,445343.46,NULL,NULL,NULL,NULL,2,4873201.08,9,5634464.23,NULL,NULL,NULL,NULL,NULL,NULL,NULL,NULL,NULL,NULL,NULL,NULL,NULL,NULL,NULL,2011
17,200100150000000000, COYAME DEL SOTOL ,NULL,NULL,NULL,NULL,3,4484827.74,3,167731.9,1,536857.56,NULL,NULL,1,732000,2,212000,NULL,NULL,NULL,NULL,NULL,NULL,1,841732,NULL,NULL,NULL,NULL,2,4324536.62,13,1.129968582E7,NULL,NULL,NULL,NULL,NULL,NULL,NULL,NULL,NULL,NULL,NULL,NULL,NULL,NULL,NULL,2011
18,200100160000000000, CUAUHTEMOC ,NULL,NULL,NULL,NULL,5,7467210.41,9,6865067.73,37,3.112140292E7,3,4410401.47,2,762525.47,12,7061141.83,NULL,NULL,2,1195437.84,NULL,NULL,38,7.99965239E7,NULL,NULL,NULL,NULL,1,4611175.95,109,1.434908875E8,NULL,NULL,NULL,NULL,NULL,NULL,NULL,NULL,NULL,NULL,NULL,NULL,NULL,NULL,NULL,2011
19,200100170000000000, CUSIHUIRIACHI ,NULL,NULL,NULL,NULL,4,2694137.67,2,1583860.09,1,511448.63,2,992379.29,NULL,NULL,3,309081.85,NULL,NULL,NULL,NULL,NULL,NULL,2,966692.84,NULL,NULL,NULL,NULL,NULL,NULL,14,7057600.37,NULL,NULL,NULL,NULL,NULL,NULL,NULL,NULL,NULL,NULL,NULL,NULL,NULL,NULL,NULL,2011
20,200100200000000000, DELICIAS ,NULL,NULL,NULL,NULL,1,375692.55,5,1995636,18,1.114938454E7,8,26407843,1,510420,NULL,NULL,NULL,NULL,NULL,NULL,NULL,NULL,50,1.539148803E7,NULL,NULL,NULL,NULL,2,2344120.33,85,5.817458445E7,NULL,NULL,NULL,NULL,NULL,NULL,NULL,NULL,NULL,NULL,NULL,NULL,NULL,NULL,NULL,2011
21,200100210000000000, DR. BELISARIO DOMINGUEZ ,NULL,NULL,NULL,NULL,2,2973854.11,NULL,NULL,NULL,NULL,NULL,NULL,NULL,NULL,NULL,NULL,NULL,NULL,NULL,NULL,NULL,NULL,1,242514.2,NULL,NULL,NULL,NULL,NULL,NULL,3,3216368.31,NULL,NULL,NULL,NULL,NULL,NULL,NULL,NULL,NULL,NULL,NULL,NULL,NULL,NULL,NULL,2011
22,200100220000000000, EL TULE ,NULL,NULL,NULL,NULL,1,116000,1,783142,1,117952,NULL,NULL,NULL,NULL,1,106862.15,NULL,NULL,NULL,NULL,NULL,NULL,9,1478057.5,NULL,NULL,NULL,NULL,NULL,NULL,13,2602013.65,NULL,NULL,NULL,NULL,NULL,NULL,NULL,NULL,NULL,NULL,NULL,NULL,NULL,NULL,NULL,2011
23,200100230000000000, GALEANA ,NULL,NULL,NULL,NULL,NULL,NULL,1,100000,NULL,NULL,NULL,NULL,NULL,NULL,NULL,NULL,NULL,NULL,1,1052587.03,1,500000,2,755434.05,NULL,NULL,NULL,NULL,NULL,NULL,5,2408021.08,NULL,NULL,NULL,NULL,NULL,NULL,NULL,NULL,NULL,NULL,NULL,NULL,NULL,NULL,NULL,2011
24,200100240000000000, GOMEZ FARIAS ,NULL,NULL,NULL,NULL,3,563744.41,NULL,NULL,NULL,NULL,1,141569.38,NULL,NULL,6,1627319.78,NULL,NULL,NULL,NULL,NULL,NULL,11,2897320.7,4,668988,NULL,NULL,NULL,NULL,25,5898942.27,NULL,NULL,NULL,NULL,NULL,NULL,NULL,NULL,NULL,NULL,NULL,NULL,NULL,NULL,NULL,2011
25,200100250000000000, GRAN MORELOS ,NULL,NULL,NULL,NULL,2,2892982.14,NULL,NULL,1,520860.88,NULL,NULL,NULL,NULL,NULL,NULL,NULL,NULL,NULL,NULL,NULL,NULL,3,1130088.17,NULL,NULL,NULL,NULL,NULL,NULL,6,4543931.19,NULL,NULL,NULL,NULL,NULL,NULL,NULL,NULL,NULL,NULL,NULL,NULL,NULL,NULL,NULL,2011
26,200100280000000000, GUACHOCHI ,NULL,NULL,NULL,NULL,18,3898625.16,22,9081333.5,11,2018230.52,NULL,NULL,29,5472528.41,13,6199677.49,NULL,NULL,2,389686.16,2,2294206.06,6,1.254163914E7,NULL,NULL,NULL,NULL,13,9285933.62,116,5.118186006E7,NULL,NULL,NULL,NULL,NULL,NULL,NULL,NULL,NULL,NULL,NULL,NULL,NULL,NULL,NULL,2011
27,200100260000000000, GUADALUPE ,NULL,NULL,NULL,NULL,1,180000,2,1068493.64,4,2243915.61,4,1295059.38,4,824609.08,NULL,NULL,NULL,NULL,NULL,NULL,NULL,NULL,5,4367063.89,NULL,NULL,NULL,NULL,1,200592.04,21,1.017973364E7,NULL,NULL,NULL,NULL,NULL,NULL,NULL,NULL,NULL,NULL,NULL,NULL,NULL,NULL,NULL,2011
28,200100270000000000, GUADALUPE Y CALVO ,NULL,NULL,NULL,NULL,43,1.736451359E7,15,1.647264025E7,10,3998767.98,1,325299,33,6287580.74,2,1070157.6,NULL,NULL,6,1389280.35,NULL,NULL,14,6577805.98,NULL,NULL,NULL,NULL,7,1.032431413E7,131,6.381035962E7,NULL,NULL,NULL,NULL,NULL,NULL,NULL,NULL,NULL,NULL,NULL,NULL,NULL,NULL,NULL,2011
29,200100290000000000, GUAZAPARES ,NULL,NULL,NULL,NULL,5,3020165.09,4,8373688.21,NULL,NULL,NULL,NULL,4,1002114.87,4,2850698,NULL,NULL,NULL,NULL,NULL,NULL,7,6110987.25,NULL,NULL,NULL,NULL,1,1116215.19,25,2.247386861E7,NULL,NULL,NULL,NULL,NULL,NULL,NULL,NULL,NULL,NULL,NULL,NULL,NULL,NULL,NULL,2011
30,200100300000000000, GUERRERO ,NULL,NULL,NULL,NULL,5,3751531.42,15,5604412.34,7,5503995.28,4,455996.45,11,3847162.83,2,279292.1,NULL,NULL,NULL,NULL,2,3988637.6,13,2.26348073E7,NULL,NULL,NULL,NULL,3,1009973.39,62,4.707580871E7,NULL,NULL,NULL,NULL,NULL,NULL,NULL,NULL,NULL,NULL,NULL,NULL,NULL,NULL,NULL,2011
31,200100310000000000, HIDALGO DEL PARRAL ,NULL,NULL,NULL,NULL,5,1.005315623E7,5,3553592.92,NULL,NULL,1,1.554238722E7,NULL,NULL,1,107944,20,1.245536589E7,NULL,NULL,NULL,NULL,35,3.969690677E7,31,8.132632447E7,NULL,NULL,NULL,NULL,98,1.627356775E8,NULL,NULL,NULL,NULL,NULL,NULL,NULL,NULL,NULL,NULL,NULL,NULL,NULL,NULL,NULL,2011
32,200100320000000000, HUEJOTITAN ,NULL,NULL,NULL,NULL,5,658985.64,1,251293.68,4,573869.91,NULL,NULL,NULL,NULL,1,104630,NULL,NULL,NULL,NULL,NULL,NULL,4,570800.14,NULL,NULL,NULL,NULL,NULL,NULL,15,2159579.37,NULL,NULL,NULL,NULL,NULL,NULL,NULL,NULL,NULL,NULL,NULL,NULL,NULL,NULL,NULL,2011
33,200100330000000000, IGNACIO ZARAGOZA ,NULL,NULL,NULL,NULL,2,1446058.59,7,1599999.46,NULL,NULL,3,997059.8,3,1046781.45,1,189811.87,1,20000,NULL,NULL,NULL,NULL,5,3764458.25,4,1885122.83,NULL,NULL,NULL,NULL,26,1.094929225E7,NULL,NULL,NULL,NULL,NULL,NULL,NULL,NULL,NULL,NULL,NULL,NULL,NULL,NULL,NULL,2011
34,200100340000000000, JANOS ,NULL,NULL,NULL,NULL,NULL,NULL,NULL,NULL,1,370620,1,82555.44,1,123435.57,1,1403759.5,NULL,NULL,NULL,NULL,NULL,NULL,4,4187353.78,NULL,NULL,NULL,NULL,NULL,NULL,8,6167724.29,NULL,NULL,NULL,NULL,NULL,NULL,NULL,NULL,NULL,NULL,NULL,NULL,NULL,NULL,NULL,2011
35,200100350000000000, JIMENEZ ,NULL,NULL,NULL,NULL,1,953602.65,2,662513.98,1,699995.54,NULL,NULL,10,3390080.57,NULL,NULL,NULL,NULL,1,5398204.29,NULL,NULL,23,7394164.36,NULL,NULL,NULL,NULL,NULL,NULL,38,1.849856139E7,NULL,NULL,NULL,NULL,NULL,NULL,NULL,NULL,NULL,NULL,NULL,NULL,NULL,NULL,NULL,2011
36,200100360000000000, JUAREZ ,NULL,NULL,NULL,NULL,NULL,NULL,10,5.387605575E7,57,115334999,NULL,NULL,46,4.27102493E7,NULL,NULL,NULL,NULL,NULL,NULL,6,1435535.357,120,2.067630201E8,NULL,NULL,NULL,NULL,NULL,NULL,239,4.201198595E8,NULL,NULL,NULL,NULL,NULL,NULL,NULL,NULL,NULL,NULL,NULL,NULL,NULL,NULL,NULL,2011
37,200100370000000000, JULIMES ,NULL,NULL,NULL,NULL,2,766691.09,3,354999.42,4,720898.17,NULL,NULL,1,96529.47,1,99745.21,NULL,NULL,NULL,NULL,NULL,NULL,2,1255110.53,NULL,NULL,NULL,NULL,1,321487.69,14,3615461.58,NULL,NULL,NULL,NULL,NULL,NULL,NULL,NULL,NULL,NULL,NULL,NULL,NULL,NULL,NULL,2011
38,200100380000000000, LA CRUZ ,NULL,NULL,NULL,NULL,1,1331646.36,1,83742.35,3,619480.4,NULL,NULL,NULL,NULL,2,509926.44,NULL,NULL,NULL,NULL,NULL,NULL,3,709448.59,NULL,NULL,NULL,NULL,1,91116.6,11,3345360.74,NULL,NULL,NULL,NULL,NULL,NULL,NULL,NULL,NULL,NULL,NULL,NULL,NULL,NULL,NULL,2011
39,200100390000000000, LOPEZ ,NULL,NULL,NULL,NULL,NULL,NULL,1,489074.28,5,379287.29,NULL,NULL,3,1160417.31,1,141081.71,NULL,NULL,NULL,NULL,NULL,NULL,7,2682514.63,NULL,NULL,NULL,NULL,1,104116.46,18,4956491.68,NULL,NULL,NULL,NULL,NULL,NULL,NULL,NULL,NULL,NULL,NULL,NULL,NULL,NULL,NULL,2011
40,200100400000000000, MADERA ,NULL,NULL,NULL,NULL,5,6221014.08,1,148245.86,4,2416364.09,2,2878816.7,NULL,NULL,8,1421603.91,NULL,NULL,NULL,NULL,NULL,NULL,17,1.424256457E7,NULL,NULL,NULL,NULL,NULL,NULL,37,2.732860921E7,NULL,NULL,NULL,NULL,NULL,NULL,NULL,NULL,NULL,NULL,NULL,NULL,NULL,NULL,NULL,2011
41,200100410000000000, MAGUARICHI ,NULL,NULL,NULL,NULL,4,1217352,3,1241324.45,1,52213,NULL,NULL,2,182691,8,3610231.98,NULL,NULL,NULL,NULL,NULL,NULL,1,1622000,NULL,NULL,NULL,NULL,2,479288.8,21,8405101.23,NULL,NULL,NULL,NULL,NULL,NULL,NULL,NULL,NULL,NULL,NULL,NULL,NULL,NULL,NULL,2011
42,200100420000000000, MANUEL BENAVIDES ,NULL,NULL,NULL,NULL,1,858933.64,NULL,NULL,3,2443747.01,NULL,NULL,1,262178.99,2,727284,NULL,NULL,NULL,NULL,NULL,NULL,3,1251335.15,NULL,NULL,NULL,NULL,2,411746.17,12,5955224.96,NULL,NULL,NULL,NULL,NULL,NULL,NULL,NULL,NULL,NULL,NULL,NULL,NULL,NULL,NULL,2011
43,200100430000000000, MATACHI,NULL,NULL,NULL,NULL,NULL,NULL,NULL,NULL,1,95743,NULL,NULL,1,122500,1,155000,NULL,NULL,NULL,NULL,NULL,NULL,3,789382.25,NULL,NULL,NULL,NULL,NULL,NULL,6,1162625.25,NULL,NULL,NULL,NULL,NULL,NULL,NULL,NULL,NULL,NULL,NULL,NULL,NULL,NULL,NULL,2011
44,200100440000000000, MATAMOROS ,NULL,NULL,NULL,NULL,2,1215564.99,3,919434.56,4,1357604.57,NULL,NULL,NULL,NULL,NULL,NULL,NULL,NULL,NULL,NULL,NULL,NULL,5,4776016.86,NULL,NULL,NULL,NULL,1,133737.15,15,8402358.13,NULL,NULL,NULL,NULL,NULL,NULL,NULL,NULL,NULL,NULL,NULL,NULL,NULL,NULL,NULL,2011
45,200100450000000000, MEOQUI ,NULL,NULL,NULL,NULL,NULL,NULL,NULL,NULL,6,2736333.59,4,949142.51,1,240154,3,1432635.6,NULL,NULL,1,2166280.94,NULL,NULL,34,1.319017955E7,NULL,NULL,NULL,NULL,NULL,NULL,49,2.071472619E7,NULL,NULL,NULL,NULL,NULL,NULL,NULL,NULL,NULL,NULL,NULL,NULL,NULL,NULL,NULL,2011
46,200100460000000000, MORELOS ,NULL,NULL,1,119800,25,7997823.94,26,9610700.11,4,2779783.36,NULL,NULL,11,2808214.57,4,801000,NULL,NULL,NULL,NULL,NULL,NULL,2,844647.54,NULL,NULL,NULL,NULL,NULL,NULL,73,2.496196952E7,NULL,NULL,NULL,NULL,NULL,NULL,NULL,NULL,NULL,NULL,NULL,NULL,NULL,NULL,NULL,2011
47,200100470000000000, MORIS ,NULL,NULL,NULL,NULL,11,3915677.73,9,5942927.74,5,1190786.31,NULL,NULL,1,90000,8,3821860.17,NULL,NULL,1,550000,NULL,NULL,1,162202.44,NULL,NULL,NULL,NULL,6,2486465.05,42,1.815991944E7,NULL,NULL,NULL,NULL,NULL,NULL,NULL,NULL,NULL,NULL,NULL,NULL,NULL,NULL,NULL,2011
48,200100480000000000, NAMIQUIPA ,NULL,NULL,NULL,NULL,4,1637713,1,125045.42,1,70558.5,NULL,NULL,2,138195.87,13,3618940.96,NULL,NULL,NULL,NULL,NULL,NULL,4,1832932.89,NULL,NULL,NULL,NULL,2,666459.65,27,8089846.29,NULL,NULL,NULL,NULL,NULL,NULL,NULL,NULL,NULL,NULL,NULL,NULL,NULL,NULL,NULL,2011
49,200100490000000000, NONOAVA ,NULL,NULL,NULL,NULL,2,2875610.58,2,1.020747629E7,3,1031823.77,NULL,NULL,NULL,NULL,3,1272501.01,NULL,NULL,1,191466.98,NULL,NULL,2,239660,NULL,NULL,NULL,NULL,1,494166.56,14,1.631270519E7,NULL,NULL,NULL,NULL,NULL,NULL,NULL,NULL,NULL,NULL,NULL,NULL,NULL,NULL,NULL,2011
50,200100500000000000, NUEVO CASAS GRANDES ,NULL,NULL,NULL,NULL,NULL,NULL,NULL,NULL,5,7041457,1,1132856,4,1668936,1,2000000,NULL,NULL,NULL,NULL,NULL,NULL,17,1.294967626E7,NULL,NULL,NULL,NULL,1,2371930.75,29,2.716485601E7,NULL,NULL,NULL,NULL,NULL,NULL,NULL,NULL,NULL,NULL,NULL,NULL,NULL,NULL,NULL,2011
51,200100510000000000, OCAMPO ,NULL,NULL,NULL,NULL,2,403284.3,NULL,NULL,8,2439673.52,1,1099998.65,1,108917.75,4,4848611.6,NULL,NULL,1,3317400,NULL,NULL,3,1392560.69,3,429092.86,NULL,NULL,1,862681.95,24,1.490222132E7,NULL,NULL,NULL,NULL,NULL,NULL,NULL,NULL,NULL,NULL,NULL,NULL,NULL,NULL,NULL,2011
52,200100520000000000, OJINAGA ,NULL,NULL,NULL,NULL,5,8344098.92,5,1080313.57,9,3053442.45,NULL,NULL,6,1023393.79,2,297000,NULL,NULL,NULL,NULL,NULL,NULL,10,8419804.67,NULL,NULL,NULL,NULL,6,2772792.19,43,2.499084559E7,NULL,NULL,NULL,NULL,NULL,NULL,NULL,NULL,NULL,NULL,NULL,NULL,NULL,NULL,NULL,2011
53,200100530000000000, PRAXEDIS G. GUERRERO ,NULL,NULL,NULL,NULL,NULL,NULL,NULL,NULL,3,1652764.46,2,1344407.89,2,3872784.81,NULL,NULL,NULL,NULL,NULL,NULL,NULL,NULL,12,4812319.06,NULL,NULL,NULL,NULL,2,644795.94,21,1.232707216E7,NULL,NULL,NULL,NULL,NULL,NULL,NULL,NULL,NULL,NULL,NULL,NULL,NULL,NULL,NULL,2011
54,200100540000000000, RIVA PALACIO ,NULL,NULL,NULL,NULL,12,1.175340453E7,2,842854.88,2,2123977.91,NULL,NULL,4,1159580.93,NULL,NULL,3,1602794,NULL,NULL,NULL,NULL,NULL,NULL,NULL,NULL,NULL,NULL,NULL,NULL,23,1.748261225E7,NULL,NULL,NULL,NULL,NULL,NULL,NULL,NULL,NULL,NULL,NULL,NULL,NULL,NULL,NULL,2011
55,200100550000000000, ROSALES ,NULL,NULL,NULL,NULL,2,1382850.51,NULL,NULL,3,3599383.49,1,572712.08,1,616359.64,NULL,NULL,NULL,NULL,1,2047247.72,NULL,NULL,3,3620776.32,NULL,NULL,NULL,NULL,NULL,NULL,11,1.183932976E7,NULL,NULL,NULL,NULL,NULL,NULL,NULL,NULL,NULL,NULL,NULL,NULL,NULL,NULL,NULL,2011
56,200100560000000000, ROSARIO ,NULL,NULL,NULL,NULL,7,2122982.2,1,82375,2,559665.2,NULL,NULL,NULL,NULL,6,602503,NULL,NULL,NULL,NULL,NULL,NULL,7,995642.02,NULL,NULL,NULL,NULL,2,417456.49,25,4780623.91,NULL,NULL,NULL,NULL,NULL,NULL,NULL,NULL,NULL,NULL,NULL,NULL,NULL,NULL,NULL,2011
57,200100570000000000, SAN FRANCISCO DE BORJA,NULL,NULL,NULL,NULL,2,398004.26,2,383269.11,3,3066358.41,NULL,NULL,NULL,NULL,5,1074626.81,NULL,NULL,NULL,NULL,NULL,NULL,4,967022.2,NULL,NULL,NULL,NULL,2,2718578.94,18,8607859.73,NULL,NULL,NULL,NULL,NULL,NULL,NULL,NULL,NULL,NULL,NULL,NULL,NULL,NULL,NULL,2011
58,200100580000000000, SAN FRANCISCO DE CONCHOS ,NULL,NULL,NULL,NULL,4,1102272.33,NULL,NULL,1,555202.61,2,203911,NULL,NULL,NULL,NULL,NULL,NULL,NULL,NULL,1,24600,6,1123642.79,NULL,NULL,NULL,NULL,1,59575.65,15,3069204.38,NULL,NULL,NULL,NULL,NULL,NULL,NULL,NULL,NULL,NULL,NULL,NULL,NULL,NULL,NULL,2011
59,200100590000000000, SAN FRANCISCO DEL ORO ,NULL,NULL,NULL,NULL,NULL,NULL,NULL,NULL,4,1107993.29,2,512825.42,NULL,NULL,1,121799,NULL,NULL,NULL,NULL,NULL,NULL,NULL,NULL,NULL,NULL,NULL,NULL,2,541899.6,9,2284517.31,NULL,NULL,NULL,NULL,NULL,NULL,NULL,NULL,NULL,NULL,NULL,NULL,NULL,NULL,NULL,2011
60,200100600000000000, SANTA BARBARA ,NULL,NULL,NULL,NULL,NULL,NULL,NULL,NULL,1,768542.65,1,546883.92,NULL,NULL,1,1077345.11,NULL,NULL,NULL,NULL,NULL,NULL,12,3587980,1,518430.38,NULL,NULL,NULL,NULL,16,6499182.06,NULL,NULL,NULL,NULL,NULL,NULL,NULL,NULL,NULL,NULL,NULL,NULL,NULL,NULL,NULL,2011
61,200100610000000000, SANTA ISABEL ,NULL,NULL,NULL,NULL,6,886418.97,NULL,NULL,NULL,NULL,NULL,NULL,NULL,NULL,4,602422.75,NULL,NULL,NULL,NULL,1,50026,6,1633528.8,NULL,NULL,NULL,NULL,1,290215,18,3462611.52,NULL,NULL,NULL,NULL,NULL,NULL,NULL,NULL,NULL,NULL,NULL,NULL,NULL,NULL,NULL,2011
62,200100620000000000, SATEVO,NULL,NULL,NULL,NULL,4,1510625.55,NULL,NULL,4,2349186.17,4,2229353.54,1,357832,4,1583908.33,NULL,NULL,NULL,NULL,NULL,NULL,1,816912.34,NULL,NULL,NULL,NULL,2,3450635.44,20,1.229845337E7,NULL,NULL,NULL,NULL,NULL,NULL,NULL,NULL,NULL,NULL,NULL,NULL,NULL,NULL,NULL,2011
63,200100630000000000, SAUCILLO ,NULL,NULL,NULL,NULL,8,1864022.04,NULL,NULL,4,369299.41,NULL,NULL,6,1350342.6,23,3554828.08,NULL,NULL,NULL,NULL,NULL,NULL,26,9889993.99,NULL,NULL,NULL,NULL,NULL,NULL,67,1.702848612E7,NULL,NULL,NULL,NULL,NULL,NULL,NULL,NULL,NULL,NULL,NULL,NULL,NULL,NULL,NULL,2011
64,200100640000000000, TEMOSACHIC ,NULL,NULL,NULL,NULL,2,172777.11,5,412554.21,2,328563.6,NULL,NULL,2,360240.78,10,2091254.3,NULL,NULL,NULL,NULL,NULL,NULL,12,6873346.57,NULL,NULL,NULL,NULL,NULL,NULL,33,1.023873657E7,NULL,NULL,NULL,NULL,NULL,NULL,NULL,NULL,NULL,NULL,NULL,NULL,NULL,NULL,NULL,2011
65,200100650000000000, URIQUE ,NULL,NULL,NULL,NULL,16,3540782.18,9,1.372883768E7,8,4289692.28,NULL,NULL,9,1528217.2,1,810000,NULL,NULL,NULL,NULL,NULL,NULL,7,8651173.95,NULL,NULL,NULL,NULL,NULL,NULL,50,3.254870329E7,NULL,NULL,NULL,NULL,NULL,NULL,NULL,NULL,NULL,NULL,NULL,NULL,NULL,NULL,NULL,2011
66,200100660000000000, URUACHI ,NULL,NULL,NULL,NULL,11,1882981.84,6,7990831.13,7,1643704.66,NULL,NULL,6,1736912.73,2,637643.91,NULL,NULL,5,878521.4,NULL,NULL,4,3092014.19,NULL,NULL,NULL,NULL,4,1366283.12,45,1.922889298E7,NULL,NULL,NULL,NULL,NULL,NULL,NULL,NULL,NULL,NULL,NULL,NULL,NULL,NULL,NULL,2011
67,200100670000000000, VALLE DE ZARAGOZA ,NULL,NULL,NULL,NULL,2,1565663.99,NULL,NULL,NULL,NULL,NULL,NULL,5,834157.52,6,894823.72,3,1654469.77,NULL,NULL,NULL,NULL,NULL,NULL,NULL,NULL,NULL,NULL,2,509199.88,18,5458314.88,NULL,NULL,NULL,NULL,NULL,NULL,NULL,NULL,NULL,NULL,NULL,NULL,NULL,NULL,NULL,2011
NULL,NULL,NULL,NULL,NULL,NULL,NULL,NULL,NULL,NULL,NULL,NULL,NULL,NULL,NULL,NULL,NULL,NULL,NULL,NULL,NULL,NULL,NULL,NULL,NULL,NULL,NULL,NULL,NULL,NULL,NULL,NULL,NULL,NULL,NULL,NULL,NULL,NULL,NULL,NULL,NULL,NULL,NULL,NULL,NULL,NULL,NULL,NULL,NULL,NULL,2011
NULL,NULL,NULL,NULL,NULL,NULL,NULL,NULL,NULL,NULL,NULL,NULL,NULL,NULL,NULL,NULL,NULL,NULL,NULL,NULL,NULL,NULL,NULL,NULL,NULL,NULL,NULL,NULL,NULL,NULL,NULL,NULL,NULL,NULL,NULL,NULL,NULL,NULL,NULL,NULL,NULL,NULL,NULL,NULL,NULL,NULL,NULL,NULL,NULL,NULL,2011
25,200100250000000000, GRAN MORELOS ,NULL,NULL,NULL,NULL,3,1361139.87,NULL,NULL,NULL,NULL,NULL,NULL,NULL,NULL,NULL,NULL,NULL,NULL,NULL,NULL,NULL,NULL,2,1196990.47,NULL,NULL,NULL,NULL,NULL,NULL,5,2558130.34,NULL,NULL,NULL,NULL,NULL,NULL,NULL,NULL,NULL,NULL,NULL,NULL,NULL,NULL,NULL,2012
26,200100280000000000, GUACHOCHI ,NULL,NULL,NULL,NULL,9,5522752.77,10,6090807.91,7,6557151.45,NULL,NULL,59,1.835287252E7,16,2.199854433E7,1,585869.19,7,1631242.67,1,1739842.74,5,2859458.36,NULL,NULL,NULL,NULL,20,4.984608634E7,135,1.151846283E8,NULL,NULL,NULL,NULL,NULL,NULL,NULL,NULL,NULL,NULL,NULL,NULL,NULL,NULL,NULL,2012
27,200100260000000000, GUADALUPE ,NULL,NULL,NULL,NULL,6,2912694.8,3,1760900,NULL,NULL,3,671391.54,2,610663.1,2,1801004.94,NULL,NULL,NULL,NULL,NULL,NULL,6,6729882.32,NULL,NULL,NULL,NULL,NULL,NULL,22,1.44865367E7,NULL,NULL,NULL,NULL,NULL,NULL,NULL,NULL,NULL,NULL,NULL,NULL,NULL,NULL,NULL,2012
